wallet,address,datetime_utc,date_utc,operation_type,external_receive,internal_transfer,chain,token,token_name,amount,price_usd,usd_value,sender,sender_label,tx_hash
Adamo OTC,0x2f58b30bd40fcb1806c2fb0b81e381a9881530bc,2026-06-11 03:07:59,2026-06-11,receive,TRUE,FALSE,ethereum,USDT,Tether USD,3257.18,0.998365,3251.85,0xba1e36ab637a9a2e3929222a5b7f081a6960e9e8,,0x9d019d36a2dce3b8881c9631ef18695eedbe1bd6825c6b9c0a46618596fbba58
Adamo OTC,0x2f58b30bd40fcb1806c2fb0b81e381a9881530bc,2026-06-01 16:07:47,2026-06-01,receive,TRUE,FALSE,ethereum,USDT,Tether USD,32760.188506,0.998682,32717.01,0x399740157391a9f1bf4e9921a8834f9bc8f2678e,,0x9282c63d1ac0bca84bf47f0089ba5a9a09ae2386f7ac8551e18980c33dac5628
Adamo OTC,0x2f58b30bd40fcb1806c2fb0b81e381a9881530bc,2026-06-01 16:07:23,2026-06-01,receive,TRUE,TRUE,ethereum,USDT,Tether USD,31187.428727,0.9982,31131.29,0x9244a6962d8f2eefdcfec223f68d83df293d9797,Brute OTC,0x3ba7f8fea5f144b7316423c291d5acdcea39430ccad92226fd4570265d0e3fa4
Adamo OTC,0x2f58b30bd40fcb1806c2fb0b81e381a9881530bc,2026-05-21 19:53:35,2026-05-21,receive,TRUE,FALSE,ethereum,USDC,USDC,428.028208,1.000152,428.09,0x1fdd2c6600312df1e1ce1f1ff4cabe504a09c352,,0xc97331eae0b6de4aa888ac456c2e2653e575fd2aec729919b89885d511486089
Adamo OTC,0x2f58b30bd40fcb1806c2fb0b81e381a9881530bc,2026-05-04 21:17:47,2026-05-04,receive,TRUE,FALSE,ethereum,USDT,Tether USD,780.0,0.999797,779.84,0xaa8ba7d4611437141192e7ceced531bc0a133efb,,0x07e11e92be8cfb6640dfd5366f6d85b465dc916f93bfe931b9900c74ee55bfc4
Adamo OTC,0x2f58b30bd40fcb1806c2fb0b81e381a9881530bc,2026-05-04 21:12:11,2026-05-04,receive,TRUE,FALSE,ethereum,USDT,Tether USD,22425.0,0.999512,22414.05,0xaa8ba7d4611437141192e7ceced531bc0a133efb,,0xe9fbe48e9091af571c0e0d567aea1e598ed9e883c2644f595ab5e3d95ba1288b
Adamo OTC,0x2f58b30bd40fcb1806c2fb0b81e381a9881530bc,2026-05-01 18:55:11,2026-05-01,receive,TRUE,FALSE,ethereum,ETH,Ethereum,12.6249,2306.42,29118.32,0x6116f484534d113d423c6b5b302d69c665a2d37b,,0x169c0ee1ea6e7f77ff6219a8a25e3d822cbef76d8095355ca7645072994e305c
Adamo OTC,0x2f58b30bd40fcb1806c2fb0b81e381a9881530bc,2026-05-01 18:24:35,2026-05-01,receive,TRUE,FALSE,ethereum,USDC,USDC,24390.25,1.000507,24402.62,0x003596b3ed9f0508a15926288306a23667aa99c6,,0x8e2a9a13ac46b671be89d15ffe63f8f61cd32166e065f6ad2cc15a5dd78a0eb8
Adamo OTC,0x2f58b30bd40fcb1806c2fb0b81e381a9881530bc,2026-04-30 02:01:59,2026-04-30,receive,TRUE,FALSE,ethereum,USDT,Tether USD,86410.0,0.999518,86368.32,0x680a9c6e781f0ca940e4632ae9bbac3d0ee3b0de,,0xbf2baaf6abda78fbf71e19152b09e7ad74d7af4678e044541d95d277c65ebf91
Adamo OTC,0x2f58b30bd40fcb1806c2fb0b81e381a9881530bc,2026-04-29 17:31:47,2026-04-29,receive,TRUE,FALSE,ethereum,USDT,Tether USD,62390.0,0.999363,62350.25,0x37268d9f8d4ff9c5c6137e97743e9cb56956aa5d,,0xe1292b932090f022c2fc7830b24803635426bf3c305db75b4bc9ff123083d9e0
Adamo OTC,0x2f58b30bd40fcb1806c2fb0b81e381a9881530bc,2026-04-26 20:07:23,2026-04-26,receive,TRUE,FALSE,ethereum,USDT,Tether USD,4875.0,1.00068,4878.32,0xfb2a32475040f944983314e703686df926d5fec0,,0xf2ae29f01c23dbeb6f029f4ddcdede03786420ed141d86a865b8e8c2a340a3ce
Adamo OTC,0x2f58b30bd40fcb1806c2fb0b81e381a9881530bc,2026-04-08 22:32:11,2026-04-08,receive,TRUE,FALSE,ethereum,USDT,Tether USD,19500.0,1.000199,19503.87,0xfb2a32475040f944983314e703686df926d5fec0,,0x12b038296e7f13277c549f0833532f5dba9f2f72e306f1d81d9ddf6b524c15de
Adamo OTC,0x2f58b30bd40fcb1806c2fb0b81e381a9881530bc,2026-03-20 09:01:35,2026-03-20,receive,TRUE,FALSE,ethereum,USDT,Tether USD,14625.0,0.999973,14624.6,0x9fd8b9b58397c94aba4a61003e463ab0e79b2087,,0xcbb5b40729266ac3e2fe46773a4b8ecfe741eee1f498cd5073945932f967194d
Adamo OTC,0x2f58b30bd40fcb1806c2fb0b81e381a9881530bc,2026-03-16 16:09:11,2026-03-16,receive,TRUE,FALSE,ethereum,USDC,USDC,7125.0,1.001381,7134.84,0x0f82a63b101bc4a09791ed84561877820414f9ea,,0x95ef6500cada7709fdc78af790592df38247494768066dbe0bedbcebc17384bb
Adamo OTC,0x2f58b30bd40fcb1806c2fb0b81e381a9881530bc,2026-02-24 17:24:11,2026-02-24,receive,TRUE,FALSE,ethereum,USDT,Tether USD,77600.0,1.000018,77601.39,0x5f4713a550f74eba2ab22670c60c27c6b96b8ebf,,0xfafb91793f0a9953de427d0aebe21b8170f12c96cd48767a93f139f64dfc8b14
Adamo OTC,0x2f58b30bd40fcb1806c2fb0b81e381a9881530bc,2026-02-23 18:35:35,2026-02-23,receive,TRUE,FALSE,ethereum,USDC,USDC,82551.0,0.999367,82498.71,0x0f82a63b101bc4a09791ed84561877820414f9ea,,0x22e07e7652012b47647cb7f41bf58dde720247adff1340e34cdff146bdfdeab8
Adamo OTC,0x2f58b30bd40fcb1806c2fb0b81e381a9881530bc,2026-02-21 04:05:59,2026-02-21,receive,TRUE,FALSE,ethereum,USDT,Tether USD,28275.0,0.999791,28269.1,0x680a9c6e781f0ca940e4632ae9bbac3d0ee3b0de,,0x96a63f86a6e23ab99f8e72be440c354c26784ca0cd61e0dca6d19482eb90f4c2
Adamo OTC,0x2f58b30bd40fcb1806c2fb0b81e381a9881530bc,2026-02-20 22:21:47,2026-02-20,receive,TRUE,FALSE,ethereum,USDT,Tether USD,14550.0,1.000413,14556.01,0x0b33330843247eb4f51e34e053d31ea5b38cdedd,,0xe54f8cf9890425c10cec6c64a7eaef9f76f6f567b3c69997ce455d653da97a8a
Adamo OTC,0x2f58b30bd40fcb1806c2fb0b81e381a9881530bc,2026-02-20 02:08:59,2026-02-20,receive,TRUE,FALSE,ethereum,USDT,Tether USD,9457.5,0.999472,9452.51,0xe36d87299fa64fba2c2dfb426d46272831d7ac8a,,0x3759ccaa4c83e0a19e6866a0999341688a8e06a1defac3f7960c3269fc4c0f6b
Adamo OTC,0x2f58b30bd40fcb1806c2fb0b81e381a9881530bc,2026-02-19 05:58:59,2026-02-19,receive,TRUE,FALSE,ethereum,USDT,Tether USD,14550.0,0.999247,14539.04,0x0b33330843247eb4f51e34e053d31ea5b38cdedd,,0xacc9881d44d8680adcdbde78c26e8ce2c82a8c2a8d56480f2cf5c2bfd1b52cc7
Adamo OTC,0x2f58b30bd40fcb1806c2fb0b81e381a9881530bc,2026-02-16 22:02:35,2026-02-16,receive,TRUE,FALSE,ethereum,USDT,Tether USD,61949.0,0.99948,61916.79,0x0f82a63b101bc4a09791ed84561877820414f9ea,,0x0b08e833a8014acb6283de88222bdf776723caa85255ca17145ccfc30049af72
Adamo OTC,0x2f58b30bd40fcb1806c2fb0b81e381a9881530bc,2026-02-16 18:56:59,2026-02-16,receive,TRUE,FALSE,ethereum,USDT,Tether USD,32810.0,0.999581,32796.26,0x5e67dbf6d2d1af434eed4c20cf7eca2591d4d4a6,,0x01da8cc93a1080a00b9ca56286da399ce442e9f2432cf772f9bd7b4339bacb2f
Adamo OTC,0x2f58b30bd40fcb1806c2fb0b81e381a9881530bc,2026-02-13 02:12:47,2026-02-13,receive,TRUE,FALSE,ethereum,USDC,USDC,9250.0,0.999291,9243.45,0x5f4713a550f74eba2ab22670c60c27c6b96b8ebf,,0xff0b4c367db77aa8c91a15ea6cb74b869760e29829c752a93900bb08470546e4
Adamo OTC,0x2f58b30bd40fcb1806c2fb0b81e381a9881530bc,2026-02-12 17:45:11,2026-02-12,receive,TRUE,FALSE,ethereum,USDT,Tether USD,20000.0,0.999971,19999.43,0x5f4713a550f74eba2ab22670c60c27c6b96b8ebf,,0x22c1f289d1c646f190944a55d428dddbb990deaef835ee231bffdfdff8119757
Adamo OTC,0x2f58b30bd40fcb1806c2fb0b81e381a9881530bc,2026-02-11 17:03:11,2026-02-11,receive,TRUE,FALSE,ethereum,USDT,Tether USD,29100.0,1.000498,29114.5,0x52b4fc1455634abcbb5e8f8da4aade7607814236,,0xc34d36b83220b49ebc75611b773cbc3b177d46487e37c510df888b5de732ab66
Adamo OTC,0x2f58b30bd40fcb1806c2fb0b81e381a9881530bc,2026-02-11 14:10:59,2026-02-11,receive,TRUE,FALSE,ethereum,USDT,Tether USD,4850.0,1.000823,4853.99,0x18e296053cbdf986196903e889b7dca7a73882f6,,0x248aceb6c0412e2c1232749da5124c6ba8913101a7aeac694785c3b88ae91890
Adamo OTC,0x2f58b30bd40fcb1806c2fb0b81e381a9881530bc,2026-02-06 19:28:23,2026-02-06,receive,TRUE,FALSE,ethereum,USDC,USDC,36000.0,0.992546,35731.64,0x0f82a63b101bc4a09791ed84561877820414f9ea,,0xcccad85d85b295da83e9b7063913e4b73cf4fa44574f67918a0ef9e3ede9b46c
Adamo OTC,0x2f58b30bd40fcb1806c2fb0b81e381a9881530bc,2026-02-06 18:07:35,2026-02-06,receive,TRUE,FALSE,ethereum,USDT,Tether USD,1692.0,0.997468,1687.72,0x0f82a63b101bc4a09791ed84561877820414f9ea,,0x569abafd61d626ef6e3de3d60326ef56d8acdd2606b5c3be972985212075077b
Adamo OTC,0x2f58b30bd40fcb1806c2fb0b81e381a9881530bc,2026-02-05 21:18:35,2026-02-05,receive,TRUE,FALSE,ethereum,USDT,Tether USD,23056.9,0.996938,22986.3,0x0b33330843247eb4f51e34e053d31ea5b38cdedd,,0xb4483209c3e776c8908f3241464a04a038f350b88d11ec18d5780d42f2d6a8d4
Adamo OTC,0x2f58b30bd40fcb1806c2fb0b81e381a9881530bc,2026-02-05 16:12:35,2026-02-05,receive,TRUE,FALSE,ethereum,USDT,Tether USD,29100.0,0.999872,29096.27,0x52b4fc1455634abcbb5e8f8da4aade7607814236,,0x13b6cb2bfd75b0e5280eae7ec9a78ef623b6785ba6998d723bd25cf909f138df
Adamo OTC,0x2f58b30bd40fcb1806c2fb0b81e381a9881530bc,2026-02-04 16:58:11,2026-02-04,receive,TRUE,FALSE,ethereum,USDT,Tether USD,29148.5,0.996018,29032.44,0xb7416a8b99a8ad3112661312475e2520e531b025,,0x502c4bce636d8ebcde69b1fcf2bbf55b6eff67a8cc1f7d7635ac66f120c2816f
Adamo OTC,0x2f58b30bd40fcb1806c2fb0b81e381a9881530bc,2026-02-04 02:31:47,2026-02-04,receive,TRUE,FALSE,ethereum,USDC,USDC,15504.66993,0.996939,15457.21,0xf60c2ea62edbfe808163751dd0d8693dcb30019c,,0x1af224136c065956cb961fdc47e30bbc72eba9f88bb67229ccd6841760bd3a9d
Adamo OTC,0x2f58b30bd40fcb1806c2fb0b81e381a9881530bc,2026-02-02 12:40:59,2026-02-02,receive,TRUE,FALSE,ethereum,USDC,USDC,9650.0,0.999088,9641.2,0x0f82a63b101bc4a09791ed84561877820414f9ea,,0x3ce38f17a9bdaaddd838cad921fed99d72612b86ac941d86827478fbf57b935f
Adamo OTC,0x2f58b30bd40fcb1806c2fb0b81e381a9881530bc,2026-02-02 12:30:47,2026-02-02,receive,TRUE,FALSE,ethereum,USDC,USDC,19300.0,1.000111,19302.14,0x0f82a63b101bc4a09791ed84561877820414f9ea,,0x2ca8ded88a2067676b95a1fb01c7317f800b6d4491bfbb25139e12b21183ebc9
Adamo OTC,0x2f58b30bd40fcb1806c2fb0b81e381a9881530bc,2026-02-02 12:27:11,2026-02-02,receive,TRUE,FALSE,ethereum,USDC,USDC,42942.5,0.998278,42868.56,0x0f82a63b101bc4a09791ed84561877820414f9ea,,0x37212d90bd8f1f72c69deff5593b974641b813a194896417e2687e9074c7a1fa
Adamo OTC,0x2f58b30bd40fcb1806c2fb0b81e381a9881530bc,2026-01-31 01:29:59,2026-01-31,receive,TRUE,FALSE,ethereum,USDC,USDC,25875.0,0.999735,25868.13,0x0124fc5a5fdb538b46d402bb5d40eed93efd7bb5,,0x9904f519c657a285485297a27d72140aabcbd805d5ed7358a9179ab6cfa14f01
Adamo OTC,0x2f58b30bd40fcb1806c2fb0b81e381a9881530bc,2026-01-31 01:28:47,2026-01-31,receive,TRUE,FALSE,ethereum,USDT,Tether USD,1500.0,0.99848,1497.72,0x96c6379f27c316a70822fe91390780f5a64925e1,,0x92b9416f5ec17a7a52e26a66f053c1c8817c1fdc5888835e5f80d12fb96ab166
Adamo OTC,0x2f58b30bd40fcb1806c2fb0b81e381a9881530bc,2026-01-31 00:37:23,2026-01-31,trade,FALSE,FALSE,ethereum,USDT,Tether USD,1501.803391,0.998473,1499.51,0xa8c1c98aaf99a5dfc907d61b892b2ad624901185,,0x9be31f75eac84c41d145769bed9bbcdaef13ce9525b088ee748d3e59a1109934
Adamo OTC,0x2f58b30bd40fcb1806c2fb0b81e381a9881530bc,2026-01-30 21:53:47,2026-01-30,receive,TRUE,FALSE,ethereum,USDT,Tether USD,3970.0,0.998517,3964.11,0x73cf6a7ad70c9a0bebd74adb658df2251645c241,,0xa832720169c97478500f8ffef5e9c9a993454645b02698915e221fe48f80754e
Adamo OTC,0x2f58b30bd40fcb1806c2fb0b81e381a9881530bc,2026-01-30 19:20:47,2026-01-30,receive,TRUE,FALSE,ethereum,USDT,Tether USD,12999.991988,0.996348,12952.51,0xd55c2f2978656da7a5321903bb0578aca60a9c85,,0xe96d336e5adf35e864e94d6c4f9362c7f1534ceb117583318fda00aa964ec1cb
Adamo OTC,0x2f58b30bd40fcb1806c2fb0b81e381a9881530bc,2026-01-30 18:36:23,2026-01-30,receive,TRUE,FALSE,ethereum,USDT,Tether USD,6000.0,0.99903,5994.18,0x73cf6a7ad70c9a0bebd74adb658df2251645c241,,0x09062d07c5b71669fc05def08add3250f0f828693fd95a5059d287271d581f28
Adamo OTC,0x2f58b30bd40fcb1806c2fb0b81e381a9881530bc,2026-01-27 23:08:47,2026-01-27,receive,TRUE,FALSE,ethereum,USDT,Tether USD,4850.0,0.998501,4842.73,0xb7416a8b99a8ad3112661312475e2520e531b025,,0x52f4b95d4014911f7c5aedcad273ab404c1481ddda2a1cc6e91e3a1384773a5c
Adamo OTC,0x2f58b30bd40fcb1806c2fb0b81e381a9881530bc,2026-01-26 18:20:23,2026-01-26,receive,TRUE,FALSE,ethereum,USDT,Tether USD,7000.0,0.997118,6979.83,0xca74ffe1a6b2aa5a66698b68883115726aa704af,,0x9f422e1f455c7df39e5e88ac5837be935fd3d12b998a209349ac01ab8018ad4a
Adamo OTC,0x2f58b30bd40fcb1806c2fb0b81e381a9881530bc,2026-01-19 20:45:47,2026-01-19,trade,FALSE,FALSE,ethereum,ETH,Ethereum,1.62107421,3217.35,5215.56,0x111111125421ca6dc452d289314280a0f8842a65,,0x009c7a0588bdc94e1c64e7c6dd1ba477441d1c84b9b1c296d4ae25e10b3805a8
Adamo OTC,0x2f58b30bd40fcb1806c2fb0b81e381a9881530bc,2026-01-19 20:45:35,2026-01-19,trade,FALSE,FALSE,ethereum,ETH,Ethereum,4.66359785,3217.35,15004.43,0x111111125421ca6dc452d289314280a0f8842a65,,0xd04612e2d78226ff073ce7eddd5fbe05e57070c52253f296030c0a0ca1646d2d
Adamo OTC,0x2f58b30bd40fcb1806c2fb0b81e381a9881530bc,2026-01-19 20:45:35,2026-01-19,trade,FALSE,FALSE,ethereum,ETH,Ethereum,1.08344512,3217.35,3485.82,0x111111125421ca6dc452d289314280a0f8842a65,,0x1b35099fb9c0ab3aa58fc9acbbb196b92ccd0e309778d82017d878f3d1f0f4ef
Adamo OTC,0x2f58b30bd40fcb1806c2fb0b81e381a9881530bc,2026-01-19 20:45:35,2026-01-19,trade,FALSE,FALSE,ethereum,ETH,Ethereum,1.95847633,3217.35,6301.1,0x111111125421ca6dc452d289314280a0f8842a65,,0xc88ec0d3a5419f3de10d3c5e2a43b68d832db30817fa18dee0fe0d80dda60915
Adamo OTC,0x2f58b30bd40fcb1806c2fb0b81e381a9881530bc,2026-01-16 06:20:47,2026-01-16,receive,TRUE,FALSE,ethereum,USDT,Tether USD,19600.0,0.999547,19591.11,0x248bb534b6ea5d64b5d2a0c12230301dbaf0d2ed,,0x0b1b8d76b2c05d17b8b24235a180472e8ac2f92558c5b82552703a64eb13f6fa
Adamo OTC,0x2f58b30bd40fcb1806c2fb0b81e381a9881530bc,2026-01-13 18:00:23,2026-01-13,receive,TRUE,FALSE,ethereum,USDT,Tether USD,9650.0,0.99915,9641.79,0x83f77a0ce601269b88d973615e14c41fb350f46a,,0x418f65e5ed89001d4e5bb523de251569aff2bde83120715e83a7e3bae987028d
Adamo OTC,0x2f58b30bd40fcb1806c2fb0b81e381a9881530bc,2026-01-13 00:57:23,2026-01-13,receive,TRUE,FALSE,ethereum,USDT,Tether USD,14999.86,0.999126,14986.75,0x559432e18b281731c054cd703d4b49872be4ed53,,0xd7085e5d134f1ab9d64aea202807892a1b3515f3654377e00eea6ea8de5717c0
Adamo OTC,0x2f58b30bd40fcb1806c2fb0b81e381a9881530bc,2026-01-12 17:28:35,2026-01-12,receive,TRUE,FALSE,ethereum,USDC,USDC,23353.0,0.999846,23349.4,0x0f82a63b101bc4a09791ed84561877820414f9ea,,0x896fdd82bf9107bc3e7ceea56e9c0e693aa460cee5f9fcb49c0ccc6f2b1ad1e9
Adamo OTC,0x2f58b30bd40fcb1806c2fb0b81e381a9881530bc,2026-01-10 20:12:11,2026-01-10,receive,TRUE,FALSE,ethereum,USDC,USDC,37635.0,1.000226,37643.49,0x0f82a63b101bc4a09791ed84561877820414f9ea,,0x5e6446c9ace5f1654e8b390ceb2846591c7c919ea30c8e75f9940abc530f7d5b
Adamo OTC,0x2f58b30bd40fcb1806c2fb0b81e381a9881530bc,2026-01-09 18:10:59,2026-01-09,receive,TRUE,FALSE,ethereum,USDT,Tether USD,19300.0,0.999337,19287.21,0x448d0f5644dee1fc45fab03391c924977a388254,,0x0916ba5a82257050b7045e4ce35ea02ae4d96b4a17e102f5802df4def13def5a
Adamo OTC,0x2f58b30bd40fcb1806c2fb0b81e381a9881530bc,2026-01-08 20:22:35,2026-01-08,receive,TRUE,FALSE,ethereum,USDC,USDC,28950.0,0.998951,28919.63,0x0f82a63b101bc4a09791ed84561877820414f9ea,,0x5843412810c8f6d5236c535c20dfa6531a7747f518676c4a9823aae0aa4127d5
Adamo OTC,0x2f58b30bd40fcb1806c2fb0b81e381a9881530bc,2026-01-07 23:27:11,2026-01-07,trade,FALSE,FALSE,ethereum,USDT,Tether USD,9556.366829,0.998566,9542.66,0x45312ea0eff7e09c83cbe249fa1d7598c4c8cd4e,,0xe846fb2349ad22eec4d6cacc34f0b8467ad8dda91a7a51c4d6f60e0dfdb63ef3
Adamo OTC,0x2f58b30bd40fcb1806c2fb0b81e381a9881530bc,2026-01-07 23:24:23,2026-01-07,receive,TRUE,FALSE,ethereum,USDT,Tether USD,26449.781896,1.000705,26468.43,0x9642b23ed1e01df1092b92641051881a322f5d4e,,0x7b13c7daf0085859ca43941df2072ef81a6166cd2cb0d61b9831aad69d496ba1
Adamo OTC,0x2f58b30bd40fcb1806c2fb0b81e381a9881530bc,2026-01-07 23:18:59,2026-01-07,receive,TRUE,TRUE,ethereum,USDC,USDC,6000.0,1.002826,6016.95,0x9244a6962d8f2eefdcfec223f68d83df293d9797,Brute OTC,0xaa77f80cdfd62e231f25900136a3717df37feb5981df0fdb586f13ce7f30e7a4
Adamo OTC,0x2f58b30bd40fcb1806c2fb0b81e381a9881530bc,2026-01-06 23:55:35,2026-01-06,receive,TRUE,FALSE,ethereum,USDC,USDC,24125.0,0.999897,24122.52,0x0f82a63b101bc4a09791ed84561877820414f9ea,,0x28178522073b7e39bbe25cc777272c3b4478f13ecfc45d41682b48ed2b32f56a
Adamo OTC,0x2f58b30bd40fcb1806c2fb0b81e381a9881530bc,2026-01-06 22:28:47,2026-01-06,trade,FALSE,FALSE,ethereum,USDT,Tether USD,7052.139426,1.000492,7055.61,0x45312ea0eff7e09c83cbe249fa1d7598c4c8cd4e,,0x44a3e04e0c43e737ce465b3d281faf6fd7cf070e22b6f3835ecb85963d3fad59
Adamo OTC,0x2f58b30bd40fcb1806c2fb0b81e381a9881530bc,2026-01-06 18:51:11,2026-01-06,receive,TRUE,FALSE,ethereum,USDC,USDC,10000.0,1.000417,10004.17,0xf2016acdcfef869142d5e78a22ca9d5dae32468e,,0xed9627803447ce4d5a8ef5bd0397a952af3806e5946fd8000499ba9ae5431cdd
Adamo OTC,0x2f58b30bd40fcb1806c2fb0b81e381a9881530bc,2026-01-06 18:50:35,2026-01-06,receive,TRUE,FALSE,ethereum,USDT,Tether USD,30000.0,0.998592,29957.75,0xf2016acdcfef869142d5e78a22ca9d5dae32468e,,0x885a11d71684616b5f6e593def2f705dfb84478cf0a91655622fda683e453f12
Adamo OTC,0x2f58b30bd40fcb1806c2fb0b81e381a9881530bc,2026-01-06 17:06:11,2026-01-06,trade,FALSE,FALSE,ethereum,USDC,USDC,2004.735334,1.000366,2005.47,0x45312ea0eff7e09c83cbe249fa1d7598c4c8cd4e,,0xec06870ae115e8ac48b448305c25e6e5ccd8d30c13b77db0ec7837f33f1abc73
Adamo OTC,0x2f58b30bd40fcb1806c2fb0b81e381a9881530bc,2026-01-06 17:05:35,2026-01-06,trade,FALSE,FALSE,ethereum,USDC,USDC,14370.134555,1.000062,14371.03,0x45312ea0eff7e09c83cbe249fa1d7598c4c8cd4e,,0x48ada189925db047e18f966aac57cfb23b5c25d8c6b6f746ecc03151ccd4e235
Adamo OTC,0x2f58b30bd40fcb1806c2fb0b81e381a9881530bc,2026-01-05 23:58:11,2026-01-05,receive,TRUE,FALSE,ethereum,USDT,Tether USD,19400.0,1.000082,19401.59,0x3685908e56acc83f3ee61b696ed59c32a6d6abb7,,0x9e5aa34fda92be3ba3e8b7ec158c45bc53e6d0cc0944d636d5d7330919436413
Adamo OTC,0x2f58b30bd40fcb1806c2fb0b81e381a9881530bc,2026-01-05 23:04:11,2026-01-05,receive,TRUE,FALSE,ethereum,USDT,Tether USD,4862.5,0.999926,4862.14,0xaa8ba7d4611437141192e7ceced531bc0a133efb,,0xa26d79de95407da142b13cf9f2ced2c77d9ce911046c5769c46a48c90c8efd12
Adamo OTC,0x2f58b30bd40fcb1806c2fb0b81e381a9881530bc,2026-01-05 12:46:35,2026-01-05,receive,TRUE,FALSE,ethereum,USDC,USDC,27160.0,1.000003,27160.09,0x0f82a63b101bc4a09791ed84561877820414f9ea,,0xf88904bfe31ea7f87fd70d021d64880ec99608f1546c5854ad9cdfea0eb934aa
Adamo OTC,0x2f58b30bd40fcb1806c2fb0b81e381a9881530bc,2026-01-05 02:58:47,2026-01-05,receive,TRUE,FALSE,ethereum,USDT,Tether USD,23401.25,0.999702,23394.27,0x5e67dbf6d2d1af434eed4c20cf7eca2591d4d4a6,,0xc1a246f96f44cecf737881639173e1ff1270a500bb2feb5826dcc54b753528fd
Adamo OTC,0x2f58b30bd40fcb1806c2fb0b81e381a9881530bc,2026-01-04 21:09:59,2026-01-04,receive,TRUE,FALSE,ethereum,USDT,Tether USD,27985.0,0.999767,27978.49,0x5e67dbf6d2d1af434eed4c20cf7eca2591d4d4a6,,0xc32af5042612f784ce65a86a37c6eedf01e4bb8b85696c486eb810ebc7ac2004
Adamo OTC,0x2f58b30bd40fcb1806c2fb0b81e381a9881530bc,2026-01-03 20:23:11,2026-01-03,receive,TRUE,FALSE,ethereum,USDT,Tether USD,14999.0,0.999835,14996.52,0x56eddb7aa87536c09ccc2793473599fd21a8b17f,,0x941e6941d141b990b45c24b131d6e64793e3b68e104382a196b37fb47556bbb8
Adamo OTC,0x2f58b30bd40fcb1806c2fb0b81e381a9881530bc,2026-01-03 03:12:47,2026-01-03,receive,TRUE,FALSE,ethereum,USDT,Tether USD,23646.1875,1.000357,23654.63,0x5f4713a550f74eba2ab22670c60c27c6b96b8ebf,,0x6d44562de347e56096e464a7a81446c7adebc6b3ba2285c572976d3d641656eb
Adamo OTC,0x2f58b30bd40fcb1806c2fb0b81e381a9881530bc,2026-01-02 23:43:59,2026-01-02,receive,TRUE,FALSE,ethereum,USDT,Tether USD,24375.0,0.999909,24372.79,0x5f4713a550f74eba2ab22670c60c27c6b96b8ebf,,0x3a0812587fc79665922f25ba0b63009ea8a773cb0b42eea6efdfb0d71cc37ce0
Adamo OTC,0x2f58b30bd40fcb1806c2fb0b81e381a9881530bc,2026-01-02 19:36:11,2026-01-02,receive,TRUE,FALSE,ethereum,USDT,Tether USD,19400.0,0.999363,19387.63,0xaa8ba7d4611437141192e7ceced531bc0a133efb,,0xc342f7328708d80f6d994aeffe2f065e757382fe115c42deca06f57a0417827b
Adamo OTC,0x2f58b30bd40fcb1806c2fb0b81e381a9881530bc,2026-01-02 18:35:35,2026-01-02,receive,TRUE,FALSE,ethereum,USDT,Tether USD,36739.0,0.997738,36655.91,0x28c6c06298d514db089934071355e5743bf21d60,,0xc6ef4bb8f9525e3f33e7d4d23df575dc1a8e2c4e9e2a7d19412b1e19bab204e5
Adamo OTC,0x2f58b30bd40fcb1806c2fb0b81e381a9881530bc,2026-01-02 16:58:35,2026-01-02,receive,TRUE,FALSE,ethereum,USDC,USDC,17950.33,1.00035,17956.62,0x0f82a63b101bc4a09791ed84561877820414f9ea,,0xcfb9566ec946681213b9dcff34943eeebcbdc1e6136dd9a9ece0b57dfcd13459
Adamo OTC,0x2f58b30bd40fcb1806c2fb0b81e381a9881530bc,2026-01-01 18:36:11,2026-01-01,receive,TRUE,FALSE,ethereum,USDT,Tether USD,4000.0,0.998784,3995.14,0xb2c9d546b7390ce0ac9d1b6a1f5cacd4bfae6905,,0xa609e4a390097510832896b4493ca860bbd1a8fff4e76bebbdb24870773c7027
Adamo OTC,0x2f58b30bd40fcb1806c2fb0b81e381a9881530bc,2026-01-01 18:10:11,2026-01-01,receive,TRUE,FALSE,ethereum,USDC,USDC,2925.0,0.9994,2923.24,0x33b2cee37fa46c88cd39dbc1ec830789de536e0a,,0x5c096ee48f1cda1d8b55c6a61758b20ad9558f0b57c055d4cf5dd8ace72b090f
Adamo OTC,0x2f58b30bd40fcb1806c2fb0b81e381a9881530bc,2025-12-31 19:25:59,2025-12-31,receive,TRUE,FALSE,ethereum,USDT,Tether USD,8287.5,0.998838,8277.87,0xaa8ba7d4611437141192e7ceced531bc0a133efb,,0x82c14365ba42329c10e5ded499395a5c6b9baeb6d592fcb777b6eaffbd889d8e
Adamo OTC,0x2f58b30bd40fcb1806c2fb0b81e381a9881530bc,2025-12-31 19:19:23,2025-12-31,receive,TRUE,FALSE,ethereum,USDT,Tether USD,39799.0,0.998793,39750.96,0x28c6c06298d514db089934071355e5743bf21d60,,0x834dfa165123c21882659e46e36fa596f30905d8d56ca069ea54bdd98f4cd651
Adamo OTC,0x2f58b30bd40fcb1806c2fb0b81e381a9881530bc,2025-12-30 20:23:11,2025-12-30,trade,FALSE,FALSE,ethereum,ETH,Ethereum,6.50889225,2969.31,19326.92,0x45312ea0eff7e09c83cbe249fa1d7598c4c8cd4e,,0x88699bb5caac596551e663c6e24bcb266d644fa1422cc23b5935cbc790a95e4d
Adamo OTC,0x2f58b30bd40fcb1806c2fb0b81e381a9881530bc,2025-12-30 20:21:59,2025-12-30,trade,FALSE,FALSE,ethereum,ETH,Ethereum,8.10986478,2969.31,24080.7,0x45312ea0eff7e09c83cbe249fa1d7598c4c8cd4e,,0x01c7194392e14e0cc33bc3c15efa5b12ccfd80770d86e7e914d2af9df931c6b3
Adamo OTC,0x2f58b30bd40fcb1806c2fb0b81e381a9881530bc,2025-12-30 20:17:23,2025-12-30,receive,TRUE,FALSE,ethereum,USDC,USDC,19300.0,0.999869,19297.47,0x0f82a63b101bc4a09791ed84561877820414f9ea,,0x7f63e2b8bc1ebd9237ebf85c44818d3ebfc08f8d1d59845aeb4622ddd9e6efdd
Adamo OTC,0x2f58b30bd40fcb1806c2fb0b81e381a9881530bc,2025-12-30 17:46:35,2025-12-30,receive,TRUE,FALSE,ethereum,USDT,Tether USD,19300.0,0.998969,19280.11,0x4e9ef6790dd931ad962cc7be46f8f11c2111544f,,0xf265d465c8e902c37c576e47537a1963870d872e24658ed38b8fd487efdc5c46
Adamo OTC,0x2f58b30bd40fcb1806c2fb0b81e381a9881530bc,2025-12-30 10:28:47,2025-12-30,receive,TRUE,FALSE,ethereum,USDT,Tether USD,4850.0,0.998987,4845.09,0xb80bd83b163ca72addadeceace81f04c7f1846c8,,0xb54ebf19df92beb5175ffdcf810451d17d2d7a7894d74b101fe491302fe60177
Adamo OTC,0x2f58b30bd40fcb1806c2fb0b81e381a9881530bc,2025-12-29 21:43:35,2025-12-29,trade,FALSE,FALSE,ethereum,USDT,Tether USD,4561.787333,0.999077,4557.58,0xd2b37ade14708bf18904047b1e31f8166d39612b,,0x410741f57f90545d5a3b829ad73a4c64e4511a28b53b97cc896d0444305252fe
Adamo OTC,0x2f58b30bd40fcb1806c2fb0b81e381a9881530bc,2025-12-29 20:37:11,2025-12-29,receive,TRUE,FALSE,ethereum,ETH,Ethereum,3.41166517,2929.88,9995.77,0xffd5c9c912fea2c1f97f1a33b87477c941ce9293,,0x880022bcaf8b2dbc46f8d76556b1d9f1224af7a1b04eec7f4844d4c7aa79841e
Adamo OTC,0x2f58b30bd40fcb1806c2fb0b81e381a9881530bc,2025-12-29 16:20:47,2025-12-29,trade,FALSE,FALSE,ethereum,ETH,Ethereum,2.18936092,2934.07,6423.74,0xd2b37ade14708bf18904047b1e31f8166d39612b,,0x77bd841770837fafbfb62b388c3248c171c218875c31d87af6894ca8bdc3d70e
Adamo OTC,0x2f58b30bd40fcb1806c2fb0b81e381a9881530bc,2025-12-29 16:20:35,2025-12-29,trade,FALSE,FALSE,ethereum,ETH,Ethereum,2.19042005,2937.49,6434.34,0xd2b37ade14708bf18904047b1e31f8166d39612b,,0xfa365f3efd89bda768c99ac2be408e381d7a10d8f63d768d3dc6803a30d76caa
Adamo OTC,0x2f58b30bd40fcb1806c2fb0b81e381a9881530bc,2025-12-29 14:08:11,2025-12-29,receive,TRUE,FALSE,ethereum,USDT,Tether USD,1455.0,0.998288,1452.51,0x18e296053cbdf986196903e889b7dca7a73882f6,,0x8665a4fef82908d4683f805f67ecca54a99934fa35db70fa1e100664e537c49a
Adamo OTC,0x2f58b30bd40fcb1806c2fb0b81e381a9881530bc,2025-12-28 15:31:35,2025-12-28,receive,TRUE,FALSE,ethereum,USDC,USDC,6530.0,1.000043,6530.28,0x0f82a63b101bc4a09791ed84561877820414f9ea,,0x229a5e43ebdb5a202ac4e96f53ae66f11cd34bd9bcc5ea0600fa522077b0f654
Adamo OTC,0x2f58b30bd40fcb1806c2fb0b81e381a9881530bc,2025-12-27 04:11:59,2025-12-27,receive,TRUE,FALSE,ethereum,ETH,Ethereum,3.28397311,2927.98,9615.41,0xa54c276a5f65b99c3ad110820b9e0016066fb60b,,0xcfd87d87834d39e84e5f59107d490150462aaa803e3650c55840f153a338efc7
Adamo OTC,0x2f58b30bd40fcb1806c2fb0b81e381a9881530bc,2025-12-27 04:11:35,2025-12-27,receive,TRUE,FALSE,ethereum,USDT,Tether USD,4999.283603,0.99929,4995.74,0x94e50036e7978c81d50c6ce85619fedab5761e97,,0x0f3e569ff9ba5f43b00817dbf0db98f58c8678c7442124b1276b43dd43ef56c6
Adamo OTC,0x2f58b30bd40fcb1806c2fb0b81e381a9881530bc,2025-12-26 22:48:23,2025-12-26,trade,FALSE,FALSE,ethereum,ETH,Ethereum,0.97075276,2923.41,2837.91,0xd2b37ade14708bf18904047b1e31f8166d39612b,,0x3fff493a8b5964ffed41e1ca3fa4ff16573f13f25cadb4b8acc1b48367dfbf81
Adamo OTC,0x2f58b30bd40fcb1806c2fb0b81e381a9881530bc,2025-12-26 16:37:11,2025-12-26,trade,FALSE,FALSE,ethereum,ETH,Ethereum,5.19802787,2921.65,15186.82,0xd2b37ade14708bf18904047b1e31f8166d39612b,,0x35a3d46dbd53892c02433d8eee51bac97a63d08cc44ae627ca69933103583894
Adamo OTC,0x2f58b30bd40fcb1806c2fb0b81e381a9881530bc,2025-12-26 16:35:47,2025-12-26,trade,FALSE,FALSE,ethereum,ETH,Ethereum,1.64567946,2921.65,4808.1,0xd2b37ade14708bf18904047b1e31f8166d39612b,,0x3b2e0629849398520f0749fdea135dd52de39ef35cd7b20ebc2a2fc33d573232
Adamo OTC,0x2f58b30bd40fcb1806c2fb0b81e381a9881530bc,2025-12-26 09:42:23,2025-12-26,receive,TRUE,FALSE,ethereum,USDC,USDC,9700.0,0.999857,9698.62,0x0f82a63b101bc4a09791ed84561877820414f9ea,,0x0d7a9d3eb5addda5dbe2fe37f643c73f00d86e59238cad5f5b5f679c7cc23d50
Adamo OTC,0x2f58b30bd40fcb1806c2fb0b81e381a9881530bc,2025-12-25 16:24:59,2025-12-25,receive,TRUE,FALSE,ethereum,USDT,Tether USD,4825.0,0.999433,4822.26,0xb7416a8b99a8ad3112661312475e2520e531b025,,0xc1ebb27a80e66c713e33086a23920e396eb05c477fdb0d1e75ac3a58b81d8f37
Adamo OTC,0x2f58b30bd40fcb1806c2fb0b81e381a9881530bc,2025-12-25 00:00:59,2025-12-25,trade,FALSE,FALSE,ethereum,ETH,Ethereum,3.7184489,2945.48,10952.62,0xd2b37ade14708bf18904047b1e31f8166d39612b,,0xe1ce5b5f08d525dd60cc0dc27ccfed4e7a65329b0df4af14ba032075dca30b4e
Adamo OTC,0x2f58b30bd40fcb1806c2fb0b81e381a9881530bc,2025-12-24 21:51:59,2025-12-24,receive,TRUE,FALSE,ethereum,USDC,USDC,19400.0,1.000058,19401.13,0x0f82a63b101bc4a09791ed84561877820414f9ea,,0x4e22d11f723e1ff3ad9c452310568bd5e1dde3525f9a27c1cbb2b83798f20778
Adamo OTC,0x2f58b30bd40fcb1806c2fb0b81e381a9881530bc,2025-12-24 21:00:11,2025-12-24,trade,FALSE,FALSE,ethereum,ETH,Ethereum,5.07613603,2941.54,14931.66,0xd2b37ade14708bf18904047b1e31f8166d39612b,,0x7b1acfd8453f5ae6bebab53c9afa300b035e443643c6c8fcf2151e3d97bdd415
Adamo OTC,0x2f58b30bd40fcb1806c2fb0b81e381a9881530bc,2025-12-24 20:41:35,2025-12-24,receive,TRUE,FALSE,ethereum,USDT,Tether USD,15000.0,0.999687,14995.31,0x33ed9bbfb2d2f033d250b4acb8edeb25dc108e2f,,0x81ddefd69e1f7ba3ed2dd98409a60a9a2dabb2bdf26836eb35e6825f94bec3e8
Adamo OTC,0x2f58b30bd40fcb1806c2fb0b81e381a9881530bc,2025-12-24 15:50:11,2025-12-24,trade,FALSE,FALSE,ethereum,ETH,Ethereum,7.08976399,2923.7,20728.34,0xd2b37ade14708bf18904047b1e31f8166d39612b,,0x7481365a0dcb4dcca306bdebb79b9c7e24cf967573895968dd6a03608d0202f2
Adamo OTC,0x2f58b30bd40fcb1806c2fb0b81e381a9881530bc,2025-12-23 23:42:47,2025-12-23,receive,TRUE,FALSE,ethereum,USDT,Tether USD,8568.0,0.999826,8566.51,0x17ee0089752db6b0c3c2bc9895a884da1e6438e3,,0xc207f793ad82a30c9278174343e71492930763d0b34b174bb95f5c8e53fd7754
Adamo OTC,0x2f58b30bd40fcb1806c2fb0b81e381a9881530bc,2025-12-23 20:53:59,2025-12-23,trade,FALSE,FALSE,ethereum,ETH,Ethereum,1.50812681,2975.74,4487.79,0xd2b37ade14708bf18904047b1e31f8166d39612b,,0xa64668341396044a85e0983b52d436e40c112fba781dd910443c4f93027dad41
Adamo OTC,0x2f58b30bd40fcb1806c2fb0b81e381a9881530bc,2025-12-23 19:23:47,2025-12-23,trade,FALSE,FALSE,ethereum,ETH,Ethereum,8.20588814,2941.68,24139.1,0xd2b37ade14708bf18904047b1e31f8166d39612b,,0x4bc1f9cd4cb86095d64ff507a2e69e32e062f05fa6c59e3c2dfe330a6323a185
Adamo OTC,0x2f58b30bd40fcb1806c2fb0b81e381a9881530bc,2025-12-23 16:36:47,2025-12-23,receive,TRUE,FALSE,ethereum,USDT,Tether USD,40000.0,0.999567,39982.68,0x164335f907f7302aab5c9dbdda7be66cb39529ef,,0x0b5e683f40d248f0e6a26fbbed1fe65f3b3a903a8aebd815077e7dbce0adfdbb
Adamo OTC,0x2f58b30bd40fcb1806c2fb0b81e381a9881530bc,2025-12-23 15:28:35,2025-12-23,trade,FALSE,FALSE,ethereum,ETH,Ethereum,7.09762433,2921.11,20732.94,0xd2b37ade14708bf18904047b1e31f8166d39612b,,0xce144f7a6614350b8f6128f805d6204d9654fbfccbf69a2142ebc66d55165eb6
Adamo OTC,0x2f58b30bd40fcb1806c2fb0b81e381a9881530bc,2025-12-22 18:28:11,2025-12-22,trade,FALSE,FALSE,ethereum,ETH,Ethereum,9.19834181,3026.76,27841.17,0xd2b37ade14708bf18904047b1e31f8166d39612b,,0x0321344ad4be21e2f95b15cd20970244229e745e09439e71e644e5462df9cb5c
Adamo OTC,0x2f58b30bd40fcb1806c2fb0b81e381a9881530bc,2025-12-21 20:27:47,2025-12-21,receive,TRUE,FALSE,ethereum,USDT,Tether USD,5679.35,1.000109,5679.97,0xae65863b3b99dc625b7be4f04705d9885437736b,,0x2db366961e9143528d61d8ec4fa646999f008feed568069a9c55a67398e8ac70
Adamo OTC,0x2f58b30bd40fcb1806c2fb0b81e381a9881530bc,2025-12-20 19:15:11,2025-12-20,receive,TRUE,FALSE,ethereum,USDT,Tether USD,27000.0,0.999743,26993.05,0x0a11991c5fe703e12528bd50b0794920e42edd51,,0x671fc608127945e6305c8422379a48ff7b5a11876f052dda25a71774e065450e
Adamo OTC,0x2f58b30bd40fcb1806c2fb0b81e381a9881530bc,2025-12-18 18:09:11,2025-12-18,receive,TRUE,FALSE,ethereum,USDT,Tether USD,25000.0,0.999393,24984.82,0x0a11991c5fe703e12528bd50b0794920e42edd51,,0xe65ec251cea31b70f90879515118104aafe0bf9b9547894f62ef74255989742b
Adamo OTC,0x2f58b30bd40fcb1806c2fb0b81e381a9881530bc,2025-12-17 16:59:23,2025-12-17,receive,TRUE,FALSE,ethereum,USDC,USDC,9750.0,0.999339,9743.55,0x17ee0089752db6b0c3c2bc9895a884da1e6438e3,,0xdbf43cf0bc99e149e8c4f4e6610a49d3380f9abaaa96344f3bf5550127be141e
Adamo OTC,0x2f58b30bd40fcb1806c2fb0b81e381a9881530bc,2025-12-17 16:00:23,2025-12-17,receive,TRUE,FALSE,ethereum,USDT,Tether USD,25000.0,1.000672,25016.81,0x0a11991c5fe703e12528bd50b0794920e42edd51,,0xbf2b76391eb2f25e1bf844dcbb4f1710dd61d71a262805c14d90e3906631bf6e
Adamo OTC,0x2f58b30bd40fcb1806c2fb0b81e381a9881530bc,2025-12-17 15:49:11,2025-12-17,receive,TRUE,FALSE,ethereum,USDT,Tether USD,10000.0,0.999445,9994.45,0x0a11991c5fe703e12528bd50b0794920e42edd51,,0xb97f52ca6257e1729f03234c0b72aa5661a84de60f55a9012481566ed8809253
Adamo OTC,0x2f58b30bd40fcb1806c2fb0b81e381a9881530bc,2025-12-15 21:56:35,2025-12-15,receive,TRUE,FALSE,ethereum,USDC,USDC,5000.302168,0.999806,4999.33,0xbf9b490073056dacfd5125663d496a03ae6ce2b6,,0xd5b4691f8f835623f623a5f8f02f0a439724f052ba4f43d1463bc4e7e0dcb5ae
Adamo OTC,0x2f58b30bd40fcb1806c2fb0b81e381a9881530bc,2025-12-15 17:52:23,2025-12-15,receive,TRUE,FALSE,ethereum,USDT,Tether USD,7800.0,1.002629,7820.51,0xb7416a8b99a8ad3112661312475e2520e531b025,,0x310440e286c3745355ccc8c5e767c9282116956ecc5b07c6976177a005e46940
Adamo OTC,0x2f58b30bd40fcb1806c2fb0b81e381a9881530bc,2025-12-14 00:10:23,2025-12-14,trade,FALSE,FALSE,ethereum,ETH,Ethereum,6.47640097,3107.53,20125.61,0xd2b37ade14708bf18904047b1e31f8166d39612b,,0x5a91ab754ffa5e423ddc8a3e68994127c00c3ba979b0c1bee16d7977180c103a
Adamo OTC,0x2f58b30bd40fcb1806c2fb0b81e381a9881530bc,2025-12-13 18:54:23,2025-12-13,receive,TRUE,FALSE,ethereum,USDT,Tether USD,19400.0,1.000364,19407.06,0x53a80665c431cf5072884458fae8a21d48dec15d,,0x3e7468d5386b724df5b31426d35fb1f2647e591727846a0ca5b73ff392ae6472
Adamo OTC,0x2f58b30bd40fcb1806c2fb0b81e381a9881530bc,2025-12-13 01:43:23,2025-12-13,receive,TRUE,FALSE,ethereum,USDT,Tether USD,19500.0,1.000464,19509.04,0x2312220e0e736867c4e9bf317c15d3a32070ec6a,,0xad4e2a73ee6eb738c4c9aac0f0207a8f4dada46412979c220dd83a7b93ce0069
Adamo OTC,0x2f58b30bd40fcb1806c2fb0b81e381a9881530bc,2025-12-12 21:32:35,2025-12-12,trade,FALSE,FALSE,ethereum,ETH,Ethereum,7.26036479,3085.73,22403.53,0xd2b37ade14708bf18904047b1e31f8166d39612b,,0x853aecc0cfa07c373a2a795700787bc38cfe4a8f7e61b43e47df22319b8b045b
Adamo OTC,0x2f58b30bd40fcb1806c2fb0b81e381a9881530bc,2025-12-12 17:25:47,2025-12-12,trade,FALSE,FALSE,ethereum,ETH,Ethereum,5.82518351,3093.7,18021.37,0xd2b37ade14708bf18904047b1e31f8166d39612b,,0xc21e5ab7f214002edf409a807456ab03477462deba6cc632991be2861ac161fd
Adamo OTC,0x2f58b30bd40fcb1806c2fb0b81e381a9881530bc,2025-12-12 02:08:23,2025-12-12,trade,FALSE,FALSE,ethereum,ETH,Ethereum,1.56300697,3231.68,5051.14,0xd2b37ade14708bf18904047b1e31f8166d39612b,,0x2d23afb0ced56f5c42f2d70831cb8c5c4491a7d1e2713e9ccdcbae657c7251ff
Adamo OTC,0x2f58b30bd40fcb1806c2fb0b81e381a9881530bc,2025-12-11 23:18:23,2025-12-11,trade,FALSE,FALSE,ethereum,ETH,Ethereum,1.48018824,3228.82,4779.26,0xd2b37ade14708bf18904047b1e31f8166d39612b,,0x64165861ac2ae9eb4d878f15f69eece76391280c841ec0e1d1ce321772cdf532
Adamo OTC,0x2f58b30bd40fcb1806c2fb0b81e381a9881530bc,2025-12-11 15:56:35,2025-12-11,receive,TRUE,FALSE,ethereum,USDT,Tether USD,1384.0,1.000197,1384.27,0x18e296053cbdf986196903e889b7dca7a73882f6,,0xd18eb8f293ecba9fb7d269bb5dbc391d896116af0101a0ce61820cff70e99282
Adamo OTC,0x2f58b30bd40fcb1806c2fb0b81e381a9881530bc,2025-12-09 21:30:35,2025-12-09,receive,TRUE,FALSE,ethereum,USDT,Tether USD,30000.0,1.000479,30014.36,0x5f4713a550f74eba2ab22670c60c27c6b96b8ebf,,0x4eea1fd65078838c661483643b87a68445e451e7045d61946aff3b7b449affb2
Adamo OTC,0x2f58b30bd40fcb1806c2fb0b81e381a9881530bc,2025-12-08 17:13:47,2025-12-08,receive,TRUE,FALSE,ethereum,USDT,Tether USD,15257.000153,1.000162,15259.47,0xa4fd0fa1349c2466bebd5860fd95e666ebd890a6,,0x9849186ec37b248511721947525da06aa9a9de5d7f846c26a391b2ebfca8970f
Adamo OTC,0x2f58b30bd40fcb1806c2fb0b81e381a9881530bc,2025-12-03 22:29:35,2025-12-03,receive,TRUE,FALSE,ethereum,USDC,USDC,12000.12533,0.999968,11999.75,0x09b043840cd2f32687ec6b63fb0412585de39822,,0x669e613ccf08fa6830f064198c875d9b9d550339c87eab21114129f9f798feca
Adamo OTC,0x2f58b30bd40fcb1806c2fb0b81e381a9881530bc,2025-11-26 23:20:23,2025-11-26,receive,TRUE,FALSE,ethereum,USDT,Tether USD,24375.0,0.999933,24373.36,0xaa8ba7d4611437141192e7ceced531bc0a133efb,,0x0302d4bfa5e93e585cca0ad859eea5c5b949788a0ad37391c52f9ec93f5fb35d
Adamo OTC,0x2f58b30bd40fcb1806c2fb0b81e381a9881530bc,2025-11-26 16:51:59,2025-11-26,receive,TRUE,FALSE,ethereum,USDT,Tether USD,10546.0,1.001018,10556.73,0x07510be4feec303a26e02bdef94644ea1f56db97,,0xe290a26658aa73e96a2872063049021cb6a2336d25c50f3625a97630a09068f8
Adamo OTC,0x2f58b30bd40fcb1806c2fb0b81e381a9881530bc,2025-11-26 08:52:11,2025-11-26,receive,TRUE,FALSE,ethereum,USDT,Tether USD,24375.0,0.999907,24372.73,0xaa8ba7d4611437141192e7ceced531bc0a133efb,,0x489395520909555b7f516e01e5998c93d59ab32b67cb83e3e59045e5695dca40
Adamo OTC,0x2f58b30bd40fcb1806c2fb0b81e381a9881530bc,2025-11-24 18:16:47,2025-11-24,receive,TRUE,FALSE,ethereum,USDT,Tether USD,8060.0,0.998926,8051.34,0xbb645ad015eadde59272ffa8f6319008cfa4324f,,0xb1a0c2bd9f24a9235e68a2e93fe9c287f5c60b75d91e985343d961a72cf5a4e9
Adamo OTC,0x2f58b30bd40fcb1806c2fb0b81e381a9881530bc,2025-11-24 18:16:23,2025-11-24,receive,TRUE,FALSE,ethereum,USDC,USDC,3835.0,1.000547,3837.1,0xbb645ad015eadde59272ffa8f6319008cfa4324f,,0x43b09b2de2705def8745da65f12b7a3fe4a71c5dadfcc431e5eb9932ba8cf816
Adamo OTC,0x2f58b30bd40fcb1806c2fb0b81e381a9881530bc,2025-11-22 21:41:35,2025-11-22,receive,TRUE,FALSE,ethereum,USDC,USDC,27284.169725,0.999714,27276.38,0xa4fd0fa1349c2466bebd5860fd95e666ebd890a6,,0x05c9541f23ae159a35c19fa8a7fd30d21f6b782991b868f108d4057719e5683b
Adamo OTC,0x2f58b30bd40fcb1806c2fb0b81e381a9881530bc,2025-11-22 09:22:23,2025-11-22,receive,TRUE,FALSE,ethereum,USDC,USDC,47500.0,0.999136,47458.98,0x260b364fe0d3d37e6fd3cda0fa50926a06c54cea,,0x2f8c11ae71b00ab36e781a2dd8bf6a3c33a9bfc0a10cc7e9bbdd7482403e302d
Adamo OTC,0x2f58b30bd40fcb1806c2fb0b81e381a9881530bc,2025-11-19 07:18:11,2025-11-19,receive,TRUE,FALSE,ethereum,USDC,USDC,10670.0,1.000392,10674.18,0x9e3a802ab56770adc534eb523a16bb5737970154,,0xb94599779101160fcada08b1e50732648ac0cad9c8b312f27432cbb33bb9619f
Adamo OTC,0x2f58b30bd40fcb1806c2fb0b81e381a9881530bc,2025-11-18 19:28:23,2025-11-18,receive,TRUE,FALSE,ethereum,USDT,Tether USD,14100.0,0.999144,14087.93,0xa4fd0fa1349c2466bebd5860fd95e666ebd890a6,,0x4019b2a2a535d48a09813c92b0d755b7c7f1121352d4123d9064335b18e9a2b4
Adamo OTC,0x2f58b30bd40fcb1806c2fb0b81e381a9881530bc,2025-11-18 06:57:23,2025-11-18,receive,TRUE,FALSE,ethereum,USDT,Tether USD,19500.0,1.000945,19518.43,0x4455980be4d7ad214d4d6626a71c1baaf430b741,,0x6f6773ba51269446cf6b8aa44d67d392741d8009caecf87f26c3f915b73df906
Adamo OTC,0x2f58b30bd40fcb1806c2fb0b81e381a9881530bc,2025-11-18 00:19:59,2025-11-18,receive,TRUE,FALSE,ethereum,USDC,USDC,1000.0,0.999487,999.49,0xe36d87299fa64fba2c2dfb426d46272831d7ac8a,,0x03e0939c3b2445476836e9e05fe001a985db1c2c33b1013d214038636bd26244
Adamo OTC,0x2f58b30bd40fcb1806c2fb0b81e381a9881530bc,2025-11-18 00:19:35,2025-11-18,receive,TRUE,FALSE,ethereum,USDT,Tether USD,18500.0,0.999153,18484.33,0xe36d87299fa64fba2c2dfb426d46272831d7ac8a,,0x15d224923dc3ab6015275e250fa5553e175217937c319bb459136296ffdd178b
Adamo OTC,0x2f58b30bd40fcb1806c2fb0b81e381a9881530bc,2025-11-15 01:36:35,2025-11-15,receive,TRUE,FALSE,ethereum,USDT,Tether USD,34184.66,1.000179,34190.79,0xf304136ce629260e3565fc5be837578770287f6c,,0x29c25f4e64f5c6a4988578d3eabb6e634195aaa57377420aaae0ff865b8e8f56
Adamo OTC,0x2f58b30bd40fcb1806c2fb0b81e381a9881530bc,2025-11-14 00:43:11,2025-11-14,receive,TRUE,FALSE,ethereum,USDT,Tether USD,20000.0,0.999014,19980.28,0x9bcd1399377cf561c3e6757846dc8402ee544558,,0xa6b27754aa0eaf219c6dd27d7528349d2e4bfdb56d4fc71360f22d045b23bd19
Adamo OTC,0x2f58b30bd40fcb1806c2fb0b81e381a9881530bc,2025-11-13 00:25:11,2025-11-13,receive,TRUE,FALSE,ethereum,USDT,Tether USD,48998.4,0.999942,48995.57,0xf304136ce629260e3565fc5be837578770287f6c,,0xd4df6497b979694d811901c25cc21fd3a836ab221f42119438945d9d39cba99b
Adamo OTC,0x2f58b30bd40fcb1806c2fb0b81e381a9881530bc,2025-10-28 19:23:11,2025-10-28,receive,TRUE,FALSE,ethereum,USDT,Tether USD,19500.0,1.0024,19546.8,0x85f53afc9c867f26ae8766f0e9da5019ca3b32ab,,0x02467e7abb77466ee401cd810eae0ac08b0c9e8abee9b0bb9e6e7900d3146f2b
Adamo OTC,0x2f58b30bd40fcb1806c2fb0b81e381a9881530bc,2025-10-27 17:54:47,2025-10-27,receive,TRUE,FALSE,ethereum,USDT,Tether USD,58501.039585,1.000222,58514.01,0xf60c2ea62edbfe808163751dd0d8693dcb30019c,,0x7c7b413b44719fb166437f3fccb90fac1fe037bc2bef8bcf538607db33c6685c
Adamo OTC,0x2f58b30bd40fcb1806c2fb0b81e381a9881530bc,2025-10-25 12:44:35,2025-10-25,receive,TRUE,FALSE,ethereum,USDT,Tether USD,4780.0,1.00043,4782.06,0x7509cc94d13ff5365cd1159d0cd0599200b16041,,0xac06a54d876b2d0dfa0d12efc3a4b6a2e29dedfa2315e72052631b21e259536d
Adamo OTC,0x2f58b30bd40fcb1806c2fb0b81e381a9881530bc,2025-10-24 18:10:23,2025-10-24,receive,TRUE,FALSE,ethereum,USDT,Tether USD,9800.0,1.000273,9802.67,0x4248ed2a7dbbb159fbba374f25be981351507b0e,,0xa70ab0c305f2d26a274885efd4e51d4dcbbb4237f69bfa73e7595e161b1c629d
Adamo OTC,0x2f58b30bd40fcb1806c2fb0b81e381a9881530bc,2025-10-24 00:02:59,2025-10-24,receive,TRUE,FALSE,ethereum,USDT,Tether USD,7213.89,1.000935,7220.63,0xaa8ba7d4611437141192e7ceced531bc0a133efb,,0xf042a12cdd142b479cd48e2ba2c8413830e438de50cc72799e840832d685fed8
Adamo OTC,0x2f58b30bd40fcb1806c2fb0b81e381a9881530bc,2025-10-23 23:41:11,2025-10-23,receive,TRUE,FALSE,ethereum,USDT,Tether USD,19500.0,0.999655,19493.28,0xe36d87299fa64fba2c2dfb426d46272831d7ac8a,,0x4f03688982a486c1e656c78fd74cb82137915538477b7b995e72a9a1f60fe796
Adamo OTC,0x2f58b30bd40fcb1806c2fb0b81e381a9881530bc,2025-10-20 03:20:35,2025-10-20,receive,TRUE,FALSE,ethereum,USDT,Tether USD,1960.0,1.000077,1960.15,0x9696f59e4d72e237be84ffd425dcad154bf96976,,0x3a1541e5fa829361d231d9d62433d59f70d9f8d0b7746aea5d084e73489ea547
Adamo OTC,0x2f58b30bd40fcb1806c2fb0b81e381a9881530bc,2025-10-20 02:12:23,2025-10-20,receive,TRUE,FALSE,ethereum,USDT,Tether USD,13916.0,1.000719,13926.01,0xc703bf577b98ca5e1b24b0358b23b99ba64f60e0,,0x65914b8a43263b26baf99e54419fb36ad80a74a107862dd8c90b6ad8807e2004
Adamo OTC,0x2f58b30bd40fcb1806c2fb0b81e381a9881530bc,2025-10-19 19:05:59,2025-10-19,receive,TRUE,FALSE,ethereum,USDT,Tether USD,6000.0,1.000783,6004.7,0x9fd8b9b58397c94aba4a61003e463ab0e79b2087,,0x8af52c0f31eef67fd152e9fb7cb2ce55341654808345759d8f3d4122988b15b3
Adamo OTC,0x2f58b30bd40fcb1806c2fb0b81e381a9881530bc,2025-10-11 21:04:59,2025-10-11,trade,FALSE,FALSE,ethereum,USDC,USDC,2097.220415,1.000906,2099.12,0x45312ea0eff7e09c83cbe249fa1d7598c4c8cd4e,,0xecb3c9d870e9d07400b734ecaa80857998006934f63521116cb08ffcc5504b1b
Adamo OTC,0x2f58b30bd40fcb1806c2fb0b81e381a9881530bc,2025-10-10 01:22:23,2025-10-10,receive,TRUE,FALSE,ethereum,USDT,Tether USD,30000.0,1.000497,30014.91,0x5f4713a550f74eba2ab22670c60c27c6b96b8ebf,,0x172377f53ffcaffbf262a16f59474739d2439361b9f2831b08bbd04510d78397
Adamo OTC,0x2f58b30bd40fcb1806c2fb0b81e381a9881530bc,2025-10-02 14:45:59,2025-10-02,receive,TRUE,FALSE,ethereum,USDT,Tether USD,8825.0,1.001193,8835.53,0x4248ed2a7dbbb159fbba374f25be981351507b0e,,0x6b1c3fb164c628b6ee8d2d2171eb357ebf6a923b809ecbcc37e152f929493cde
Adamo OTC,0x2f58b30bd40fcb1806c2fb0b81e381a9881530bc,2025-10-01 21:01:23,2025-10-01,receive,TRUE,FALSE,ethereum,USDC,USDC,25106.0,0.999613,25096.27,0xbe359135722e2e1b2bf1bcdf2b97ddc508a58a72,,0x63caf46529929d4de974bada23c46ac2b4fe33a8e6459f086817281041d39591
Adamo OTC,0x2f58b30bd40fcb1806c2fb0b81e381a9881530bc,2025-10-01 03:52:47,2025-10-01,receive,TRUE,FALSE,ethereum,USDT,Tether USD,19303.0,1.000711,19316.72,0xd01e9b86134ab678c82da1cb56c38c3d5900ae57,,0xeeaf2f9ba61cffc180eb13f68e613ff8c03ec09d9802939f1d2cd624cd25ba89
Adamo OTC,0x2f58b30bd40fcb1806c2fb0b81e381a9881530bc,2025-09-28 15:37:11,2025-09-28,receive,TRUE,FALSE,ethereum,USDT,Tether USD,14623.3,1.000169,14625.78,0x9642b23ed1e01df1092b92641051881a322f5d4e,,0x418483e46c697f6f80637b361c8866de75fd6921f06f8c1189398b307e3ed763
Adamo OTC,0x2f58b30bd40fcb1806c2fb0b81e381a9881530bc,2025-09-27 22:58:23,2025-09-27,receive,TRUE,FALSE,ethereum,USDT,Tether USD,9375.0,1.000429,9379.02,0xaa8ba7d4611437141192e7ceced531bc0a133efb,,0x6937ecc9ee2ce8db98ea8c3b8efbe548a0b7ed6cc29246d342b6f8dde291c94f
Adamo OTC,0x2f58b30bd40fcb1806c2fb0b81e381a9881530bc,2025-09-27 22:50:11,2025-09-27,receive,TRUE,FALSE,ethereum,USDT,Tether USD,15000.0,0.999894,14998.41,0x95bfaf4dbe6db9e072a8b1c28db0d7f3d73460b5,,0x8ddc9ee035f67554b0f13f479324615aeacf999f8e9fc351af7dcfd4546c47d6
Adamo OTC,0x2f58b30bd40fcb1806c2fb0b81e381a9881530bc,2025-09-26 19:03:47,2025-09-26,receive,TRUE,FALSE,ethereum,USDT,Tether USD,9000.0,1.000579,9005.21,0x9702aa1329595723223e7ad8e651c0f08bc55f9b,,0x0d593eb75b07803182b48c53b857ed6147bc75918a6c4c0b1a9d49be86352066
Adamo OTC,0x2f58b30bd40fcb1806c2fb0b81e381a9881530bc,2025-09-22 21:59:47,2025-09-22,receive,TRUE,FALSE,ethereum,USDT,Tether USD,9740.25974,1.000524,9745.36,0x069ddc7535869330a8a59232458e49f94899a0b0,,0xfa1b9073978cc2ce09ea9772f425573512e21ab9461045e1e8f705fb04170fac
Adamo OTC,0x2f58b30bd40fcb1806c2fb0b81e381a9881530bc,2025-09-22 00:03:35,2025-09-22,receive,TRUE,FALSE,ethereum,USDT,Tether USD,5528.0,1.000517,5530.86,0x557ed7ba1c6a57f7b1f584e3eed7fb6fbd5661bb,,0x1da3ac774a4764ae259a2148aebbbbf9b394d86c41e9092cc3e6fe55674bdc49
Adamo OTC,0x2f58b30bd40fcb1806c2fb0b81e381a9881530bc,2025-09-18 02:07:35,2025-09-18,receive,TRUE,FALSE,ethereum,USDT,Tether USD,2520.0,1.000528,2521.33,0xae65863b3b99dc625b7be4f04705d9885437736b,,0x66e43560dee854dd63e5668ea2d5e10b49f1e08c156b26f27cb379e186f45bec
Adamo OTC,0x2f58b30bd40fcb1806c2fb0b81e381a9881530bc,2025-09-17 21:51:59,2025-09-17,receive,TRUE,FALSE,ethereum,USDT,Tether USD,13650.0,1.000513,13657.01,0x3444cc04612d80b0dbb01f0826317532bf747967,,0x11a392e1b2d3090c2a891aa06a05baf1fd93f3182b13c0e51b3c16cbf808c2dc
Adamo OTC,0x2f58b30bd40fcb1806c2fb0b81e381a9881530bc,2025-09-17 00:07:59,2025-09-17,receive,TRUE,FALSE,ethereum,USDT,Tether USD,22425.0,1.000185,22429.15,0xaa8ba7d4611437141192e7ceced531bc0a133efb,,0x8500031f8ba0ae84fe0294a1629863d22a0237851f8b1ea35d6c015f342e1f95
Adamo OTC,0x2f58b30bd40fcb1806c2fb0b81e381a9881530bc,2025-09-11 18:49:47,2025-09-11,receive,TRUE,FALSE,ethereum,USDT,Tether USD,22425.0,1.000099,22427.21,0x3609a72d39d526f7885f2a8ec5728be923032b3a,,0x07ec877cf1c1af41eff54889a98c0aca30e89fe7081ba8ec4e9334ed500e1738
Adamo OTC,0x2f58b30bd40fcb1806c2fb0b81e381a9881530bc,2025-09-10 22:15:59,2025-09-10,receive,TRUE,FALSE,ethereum,USDC,USDC,9750.0,1.000079,9750.77,0xebd375be9d11629538db8ca9d5ae76d61590bd99,,0x84ffa76c5ceea3c408d04f58a2b316adb1879531885699c9adebe9d54e30a744
Adamo OTC,0x2f58b30bd40fcb1806c2fb0b81e381a9881530bc,2025-09-10 14:15:11,2025-09-10,trade,FALSE,FALSE,ethereum,USDC,USDC,70.012208,1.00015,70.02,0x4f493b7de8aac7d55f71853688b1f7c8f0243c85,,0x24b2223d16c83969005e8794737709a05290b18a982e891bb546573e0216f44f
Adamo OTC,0x2f58b30bd40fcb1806c2fb0b81e381a9881530bc,2025-09-07 21:24:23,2025-09-07,receive,TRUE,FALSE,ethereum,USDT,Tether USD,11760.0,1.000173,11762.04,0x89e51fa8ca5d66cd220baed62ed01e8951aa7c40,,0x44b265a55fca462418e9d665127fdca1e2f0f577491eeca4df99392090f7906d
Adamo OTC,0x2f58b30bd40fcb1806c2fb0b81e381a9881530bc,2025-09-06 02:26:11,2025-09-06,receive,TRUE,FALSE,ethereum,USDC,USDC,25231.0,0.999702,25223.47,0x6116f484534d113d423c6b5b302d69c665a2d37b,,0x15425f28f6ba725c5cab7406e929b1e7dfd9952abc6e4c3a7274c71e3c612117
Adamo OTC,0x2f58b30bd40fcb1806c2fb0b81e381a9881530bc,2025-09-06 01:14:59,2025-09-06,receive,TRUE,FALSE,ethereum,USDT,Tether USD,12000.0,1.000063,12000.76,0x89e51fa8ca5d66cd220baed62ed01e8951aa7c40,,0x32cc7e0f5e7bb99e6af0b93380f6dc900032b30487a9d6e2857e0cbcaf695dff
Adamo OTC,0x2f58b30bd40fcb1806c2fb0b81e381a9881530bc,2025-09-03 06:32:35,2025-09-03,receive,TRUE,FALSE,ethereum,USDT,Tether USD,4000.0,0.999501,3998.01,0x900e307732255893d7a0df445955014e0d2d4954,,0x577b89c09e64bb1336a571ffcb9022bd4aca90f0d16239ef1998adc85590e5f3
Adamo OTC,0x2f58b30bd40fcb1806c2fb0b81e381a9881530bc,2025-08-29 00:08:11,2025-08-29,receive,TRUE,FALSE,ethereum,ETH,Ethereum,4.21752448,4508.07,19012.9,0xa264b74891d7a04f3b103ab98b62d5ae65e60530,,0x58bf356baa40c06b075a0d3cea0e86f7b376f70e9e311d6d74e1e2240b940c8a
Adamo OTC,0x2f58b30bd40fcb1806c2fb0b81e381a9881530bc,2025-08-21 21:04:59,2025-08-21,receive,TRUE,FALSE,ethereum,USDT,Tether USD,1500.0,0.995367,1493.05,0xe51051500de30a88edb4f6271d29d5d976a53964,,0xc0e56301f312d1291d53f92a664fa6956dfa8a28f122395b7593c5aa05631feb
Adamo OTC,0x2f58b30bd40fcb1806c2fb0b81e381a9881530bc,2025-08-20 02:05:11,2025-08-20,receive,TRUE,FALSE,ethereum,USDT,Tether USD,9503.971677,0.999739,9501.49,0x9642b23ed1e01df1092b92641051881a322f5d4e,,0x4ae05554038532fa535d883a50751448d8b3b737918cdf764e9e9dd933611b43
Adamo OTC,0x2f58b30bd40fcb1806c2fb0b81e381a9881530bc,2025-08-09 03:02:11,2025-08-09,receive,TRUE,FALSE,ethereum,USDC,USDC,50000.004705,0.999547,49977.37,0x9803e7d7a9ff6aee0bd160cdb182a31d94faa363,,0x57f5bdbc5cd651398f4b684e98d859e76ae3a9a63ed61f215b8bcc82edd070dd
Adamo OTC,0x2f58b30bd40fcb1806c2fb0b81e381a9881530bc,2025-08-04 20:46:11,2025-08-04,receive,TRUE,FALSE,ethereum,USDT,Tether USD,3184.648608,0.999367,3182.63,0x9642b23ed1e01df1092b92641051881a322f5d4e,,0xe513599a6b6e9e18c8fbfcf59b0d0bae399e6403e699bd2065b4b5f2720e2545
Adamo OTC,0x2f58b30bd40fcb1806c2fb0b81e381a9881530bc,2025-07-22 23:49:35,2025-07-22,receive,TRUE,FALSE,ethereum,USDT,Tether USD,34472.1,1.00011,34475.89,0x89e51fa8ca5d66cd220baed62ed01e8951aa7c40,,0x51dd3c71b3162296859a8a629dbc60c8f3aa41f53e6faaababbab309c8a4ed1e
Adamo OTC,0x2f58b30bd40fcb1806c2fb0b81e381a9881530bc,2025-06-23 20:03:11,2025-06-23,receive,TRUE,FALSE,ethereum,USDT,Tether USD,23634.28,1.000985,23657.55,0x89e51fa8ca5d66cd220baed62ed01e8951aa7c40,,0xf7e89cfa410658f902ef7159309757e875f7b48b45290e08c4dd5f683e53138c
Adamo OTC,0x2f58b30bd40fcb1806c2fb0b81e381a9881530bc,2025-05-29 19:05:35,2025-05-29,receive,TRUE,FALSE,ethereum,USDT,Tether USD,26375.0,0.999841,26370.8,0x89e51fa8ca5d66cd220baed62ed01e8951aa7c40,,0xa10bb82fcd9c4571e631823a4c7a7b38da4805cfc8d8da93be50a995ad3baca1
Adamo OTC,0x2f58b30bd40fcb1806c2fb0b81e381a9881530bc,2025-05-20 21:41:11,2025-05-20,receive,TRUE,FALSE,ethereum,USDT,Tether USD,24375.0,1.000164,24379.01,0x89e51fa8ca5d66cd220baed62ed01e8951aa7c40,,0xf47a8cb9e53e43a7f7576e668c66e583498a895aa4dfd85387ff1bf6c190861f
Adamo OTC,0x2f58b30bd40fcb1806c2fb0b81e381a9881530bc,2025-05-20 21:04:35,2025-05-20,receive,TRUE,FALSE,ethereum,USDT,Tether USD,24375.0,1.000525,24387.8,0x89e51fa8ca5d66cd220baed62ed01e8951aa7c40,,0x832f734dccd10c508ad316111e1109dc2d62b5a69a520312d298ce983870e680
Adamo OTC,0x2f58b30bd40fcb1806c2fb0b81e381a9881530bc,2025-05-19 18:53:11,2025-05-19,receive,TRUE,FALSE,ethereum,USDT,Tether USD,24375.0,1.000128,24378.11,0x89e51fa8ca5d66cd220baed62ed01e8951aa7c40,,0x856077e3c01dd7d6aa04c9332536cedc49f682a84b42a62306df313e920e2f94
Brute OTC,0x9244a6962d8f2eefdcfec223f68d83df293d9797,2026-08-26 02:41:23,2026-08-26,receive,TRUE,FALSE,ethereum,USDT,Tether USD,23624.99,0.999766,23619.46,0x0b33330843247eb4f51e34e053d31ea5b38cdedd,,0xaacf6b9769e5e2152258e72033d6835118c0330f1916a4d6f979fa47164580b3
Brute OTC,0x9244a6962d8f2eefdcfec223f68d83df293d9797,2026-08-20 01:09:11,2026-08-20,receive,TRUE,FALSE,ethereum,USDT,Tether USD,25000.0,0.999633,24990.83,0x0b33330843247eb4f51e34e053d31ea5b38cdedd,,0x37660c5b9af0564b1000f1bf81c1af75ec2e10f2f50a180fb7dd31b47e241937
Brute OTC,0x9244a6962d8f2eefdcfec223f68d83df293d9797,2026-08-19 19:35:35,2026-08-19,receive,TRUE,TRUE,ethereum,USDT,Tether USD,23125.12,0.999749,23119.31,0xc09da08738b3b0918089163e488b02a61f382404,SP4-8,0x38ec05ffc5d21ddb36d0f9b1e360470f771f9bfd15c9d2cfe9b6a924d436103c
Brute OTC,0x9244a6962d8f2eefdcfec223f68d83df293d9797,2026-08-19 00:13:35,2026-08-19,trade,FALSE,FALSE,ethereum,USDC,USDC,2498.704144,0.999271,2496.88,0xad3b67bca8935cb510c8d18bd45f0b94f54a968f,,0xf693efdc422fa8be8c922253e5595a8405dce4e0772bc4f35cc3215837068655
Brute OTC,0x9244a6962d8f2eefdcfec223f68d83df293d9797,2026-08-14 20:59:59,2026-08-14,receive,TRUE,FALSE,ethereum,USDC,USDC,280.0,0.999635,279.9,0x66e3c27d45134383621a811371221950e8c3b201,,0xac9c2fd29d97fb6809a505a40cec0a7f10667aa796e42b0b5c32b4cd8a1f5839
Brute OTC,0x9244a6962d8f2eefdcfec223f68d83df293d9797,2026-08-14 20:33:59,2026-08-14,receive,TRUE,FALSE,ethereum,USDC,USDC,120.0,0.999612,119.95,0x66e3c27d45134383621a811371221950e8c3b201,,0xe3b4e54c332ff275a2e39a36466c018a2796d0a9bfb9d3149f8a84eafe207b79
Brute OTC,0x9244a6962d8f2eefdcfec223f68d83df293d9797,2026-08-11 15:31:23,2026-08-11,trade,FALSE,FALSE,ethereum,USDC,USDC,17968.823068,0.998911,17949.25,0x399740157391a9f1bf4e9921a8834f9bc8f2678e,,0x22bd7ac018e948657b6dc595e97be8afee509acf22d6a8b037c7e6f8d8e12499
Brute OTC,0x9244a6962d8f2eefdcfec223f68d83df293d9797,2026-08-11 14:45:59,2026-08-11,trade,FALSE,FALSE,ethereum,PYUSD,PayPal USD,6993.653945,1.000034,6993.89,0x00000688768803bbd44095770895ad27ad6b0d95,,0x78db4fd9463e234d607660aeaa262d0b734f36cf2a6ab3c21ec4724e84fe55b7
Brute OTC,0x9244a6962d8f2eefdcfec223f68d83df293d9797,2026-08-06 07:32:11,2026-08-06,receive,TRUE,FALSE,ethereum,USDT,Tether USD,17515.0,0.999144,17500.0,0xa9d1e08c7793af67e9d92fe308d5697fb81d3e43,,0xb847516128f32d106610ec23247e3e49847407fea4cd1578c64e5a785d238f27
Brute OTC,0x9244a6962d8f2eefdcfec223f68d83df293d9797,2026-08-03 20:21:11,2026-08-03,receive,TRUE,FALSE,ethereum,USDT,Tether USD,14587.5,0.99776,14554.82,0x9cb8f3a7ba99089183d79eaeeb6c4260be5648cc,,0xa19664f11aba505c203723d488387ca5f4c172d5af54f55db0a3ac586ee4bebf
Brute OTC,0x9244a6962d8f2eefdcfec223f68d83df293d9797,2026-07-27 18:31:23,2026-07-27,receive,TRUE,FALSE,ethereum,USDT,Tether USD,48822.82,0.998788,48763.67,0x0b33330843247eb4f51e34e053d31ea5b38cdedd,,0xce80e4a97978741a6a7a8fff7ac4f116c57ad17828a0ed8279d5e3fc4364fadd
Brute OTC,0x9244a6962d8f2eefdcfec223f68d83df293d9797,2026-07-24 21:12:59,2026-07-24,receive,TRUE,FALSE,ethereum,USDT,Tether USD,16345.0,0.998854,16326.27,0xaa8ba7d4611437141192e7ceced531bc0a133efb,,0xdfea3158bacdf07863d616926d1d151054cbfe3d24b00807c5e0755219d9d3b7
Brute OTC,0x9244a6962d8f2eefdcfec223f68d83df293d9797,2026-07-24 18:06:59,2026-07-24,receive,TRUE,FALSE,ethereum,USDT,Tether USD,43762.5,0.999035,43720.29,0xaa8ba7d4611437141192e7ceced531bc0a133efb,,0x4203ca5293f85384780f082a53e759da5c7d16b6dab02de30097e2f7b81e85e3
Brute OTC,0x9244a6962d8f2eefdcfec223f68d83df293d9797,2026-07-22 18:12:59,2026-07-22,receive,TRUE,FALSE,ethereum,USDT,Tether USD,58350.0,0.998345,58253.44,0x0b33330843247eb4f51e34e053d31ea5b38cdedd,,0x7636afb9fd4e05b6cb0512f2623f490d8c7730c176be7015d5066c124390bf11
Brute OTC,0x9244a6962d8f2eefdcfec223f68d83df293d9797,2026-07-21 22:18:59,2026-07-21,receive,TRUE,FALSE,ethereum,USDT,Tether USD,17505.0,0.999308,17492.88,0xaa8ba7d4611437141192e7ceced531bc0a133efb,,0xe9ff1e4dbad65c5965b2d112e7ab7baa1436303e1b2a51212bcabef3423470a0
Brute OTC,0x9244a6962d8f2eefdcfec223f68d83df293d9797,2026-07-21 21:36:23,2026-07-21,trade,FALSE,FALSE,ethereum,USDC,USDC,19977.984834,0.999493,19967.86,0x399740157391a9f1bf4e9921a8834f9bc8f2678e,,0x7d7212e92b56b236f854a1a84353f7bd38c65a148b11522d19fa9721042f4038
Brute OTC,0x9244a6962d8f2eefdcfec223f68d83df293d9797,2026-07-21 17:27:23,2026-07-21,receive,TRUE,FALSE,ethereum,USDT,Tether USD,24590.55,1.000056,24591.92,0xaa8ba7d4611437141192e7ceced531bc0a133efb,,0xda85585bcd464d623174879e4eb60b872e5b3d86739fb2209c8bd4d46c044797
Brute OTC,0x9244a6962d8f2eefdcfec223f68d83df293d9797,2026-07-19 08:43:11,2026-07-19,receive,TRUE,FALSE,ethereum,USDT,Tether USD,16533.0,0.998905,16514.9,0xa9d1e08c7793af67e9d92fe308d5697fb81d3e43,,0x4a99fb76a1fd7a04091a795fc63ffc007c98a07f0b035f06a35ba0a2eff1c29c
Brute OTC,0x9244a6962d8f2eefdcfec223f68d83df293d9797,2026-07-19 01:57:11,2026-07-19,receive,TRUE,FALSE,ethereum,USDT,Tether USD,24144.75,0.999164,24124.58,0xaa8ba7d4611437141192e7ceced531bc0a133efb,,0x1fcd5175c954bf1d5540bab309b7ad876efb595c9a353f9333915808732aed6f
Brute OTC,0x9244a6962d8f2eefdcfec223f68d83df293d9797,2026-07-18 10:18:11,2026-07-18,receive,TRUE,FALSE,ethereum,USDT,Tether USD,29189.1,0.999239,29166.88,0x0b33330843247eb4f51e34e053d31ea5b38cdedd,,0x8a389887dceac2a0f4410bc547078c2fb733bcfedea1ed5c82dddd4523b95e90
Brute OTC,0x9244a6962d8f2eefdcfec223f68d83df293d9797,2026-07-17 02:29:47,2026-07-17,receive,TRUE,FALSE,ethereum,USDT,Tether USD,38900.0,0.999496,38880.4,0x5e67dbf6d2d1af434eed4c20cf7eca2591d4d4a6,,0x8174596ba0756abc17481c4ad1786deb60ccb30d89879ee77772fb3c27db3046
Brute OTC,0x9244a6962d8f2eefdcfec223f68d83df293d9797,2026-07-16 18:15:11,2026-07-16,receive,TRUE,FALSE,ethereum,USDT,Tether USD,19450.0,0.999399,19438.32,0xaa8ba7d4611437141192e7ceced531bc0a133efb,,0x9c5545b002ee3b2810e0759e5fc2d5d5104e7ce051129e465ee051c36d962b8f
Brute OTC,0x9244a6962d8f2eefdcfec223f68d83df293d9797,2026-07-15 17:07:11,2026-07-15,receive,TRUE,FALSE,ethereum,ETH,Ethereum,0.52039391,1921.72,1000.05,0x111111125421ca6dc452d289314280a0f8842a65,,0x72bc443046efd73f2b471c893f5f2e5ff93fe20743124d958997958c41cd72ad
Brute OTC,0x9244a6962d8f2eefdcfec223f68d83df293d9797,2026-07-13 07:04:23,2026-07-13,trade,FALSE,FALSE,ethereum,USDC,USDC,9987.224412,0.999851,9985.73,0x0d07033f478f3b585397b854df4a7163cbe8986f,,0xd4eb5f9f6b64c65c995c02cd6430fc43fc624cfdcc7848e5be8f9ce9db0856e8
Brute OTC,0x9244a6962d8f2eefdcfec223f68d83df293d9797,2026-07-11 01:45:35,2026-07-11,receive,TRUE,FALSE,ethereum,USDT,Tether USD,14521.37,0.999446,14513.33,0xaa8ba7d4611437141192e7ceced531bc0a133efb,,0x67775b9fe7e8ae0f88a2af0444df7490e5094137b9bec172b71a830f79eefbc6
Brute OTC,0x9244a6962d8f2eefdcfec223f68d83df293d9797,2026-07-10 16:35:35,2026-07-10,receive,TRUE,FALSE,ethereum,USDT,Tether USD,22937.5,0.999679,22930.15,0x0b33330843247eb4f51e34e053d31ea5b38cdedd,,0x76e0f398fc466e988ddbee0179486704f813335a4b01ee259942f583575e1222
Brute OTC,0x9244a6962d8f2eefdcfec223f68d83df293d9797,2026-07-09 04:28:47,2026-07-09,receive,TRUE,FALSE,ethereum,USDT,Tether USD,50000.0,0.999184,49959.22,0x0b33330843247eb4f51e34e053d31ea5b38cdedd,,0x9d291bf86d189f6ce1d5e2661e7fab1a0709d6a8b143a9e0d58855a2dc3e95e9
Brute OTC,0x9244a6962d8f2eefdcfec223f68d83df293d9797,2026-07-07 19:08:23,2026-07-07,receive,TRUE,FALSE,ethereum,USDT,Tether USD,19221.0,0.999052,19202.77,0xaa8ba7d4611437141192e7ceced531bc0a133efb,,0x62865cfd0cc832bc82ae3daf08ee9c98f0dad637b8e487f8d0198714a8558d7e
Brute OTC,0x9244a6962d8f2eefdcfec223f68d83df293d9797,2026-07-06 20:34:35,2026-07-06,receive,TRUE,FALSE,ethereum,USDT,Tether USD,1500.0,0.999026,1498.54,0xc017ee3ed8f7fb422a611204699abe93c424d029,,0x79c4b34031ab410b894b045357816f2a998fdd6778ef0459285a46b6bb928220
Brute OTC,0x9244a6962d8f2eefdcfec223f68d83df293d9797,2026-07-02 07:31:11,2026-07-02,trade,FALSE,FALSE,ethereum,USDC,USDC,9989.418444,0.999811,9987.53,0xbeef02961503351625926ea9a11ae13b29f5c555,,0xb411bf49a02f3cf31ac3c10b8ff88fbf060c5d3872fd58fcc7781a475dbc5adf
Brute OTC,0x9244a6962d8f2eefdcfec223f68d83df293d9797,2026-07-01 20:02:47,2026-07-01,receive,TRUE,FALSE,ethereum,USDT,Tether USD,29175.0,0.99922,29152.23,0x0b33330843247eb4f51e34e053d31ea5b38cdedd,,0x660fdcad36afda407d7ef35b6ad3cc9685b719c60ac375224c8db77df5235cb4
Brute OTC,0x9244a6962d8f2eefdcfec223f68d83df293d9797,2026-06-30 07:48:59,2026-06-30,receive,TRUE,FALSE,ethereum,USDT,Tether USD,16533.0,0.998775,16512.75,0xa9d1e08c7793af67e9d92fe308d5697fb81d3e43,,0xd98f6e82bc6bba6d47f6413f0d272b489190e362322c7741571c0d6d2f83ae8f
Brute OTC,0x9244a6962d8f2eefdcfec223f68d83df293d9797,2026-06-30 02:30:47,2026-06-30,receive,TRUE,FALSE,ethereum,USDT,Tether USD,48625.0,0.998714,48562.46,0x0b33330843247eb4f51e34e053d31ea5b38cdedd,,0x3e61de6dd77b648c68cf69f5eab143a8d52a82e4ff9fec8e169b63df31855c0f
Brute OTC,0x9244a6962d8f2eefdcfec223f68d83df293d9797,2026-06-29 19:09:47,2026-06-29,receive,TRUE,FALSE,ethereum,USDT,Tether USD,17505.0,0.998939,17486.43,0xaa8ba7d4611437141192e7ceced531bc0a133efb,,0x19451a00156dce2f0296cb13f5b4d8d500d01d768bf32a0185c83b9e1c5f413f
Brute OTC,0x9244a6962d8f2eefdcfec223f68d83df293d9797,2026-06-29 18:00:11,2026-06-29,receive,TRUE,FALSE,ethereum,USDT,Tether USD,14695.45,0.998719,14676.62,0xaa8ba7d4611437141192e7ceced531bc0a133efb,,0xbcbf9fff25eda26f1042a6dd7c87ea7dbc392827a5021a2136c8c6c3c31c366e
Brute OTC,0x9244a6962d8f2eefdcfec223f68d83df293d9797,2026-06-29 17:41:59,2026-06-29,receive,TRUE,FALSE,ethereum,USDT,Tether USD,53625.0,0.998857,53563.73,0x5e67dbf6d2d1af434eed4c20cf7eca2591d4d4a6,,0xf6bc0ea15203caaab778386401568894b7c06662cecc7c0551945a48719798e8
Brute OTC,0x9244a6962d8f2eefdcfec223f68d83df293d9797,2026-06-26 00:43:59,2026-06-26,receive,TRUE,FALSE,ethereum,USDT,Tether USD,48625.0,0.998801,48566.71,0xaa8ba7d4611437141192e7ceced531bc0a133efb,,0xd56bdfad291d28f61cd04e3df293e31f460511269f59d8ef780e433b8af97bf3
Brute OTC,0x9244a6962d8f2eefdcfec223f68d83df293d9797,2026-06-25 20:24:35,2026-06-25,receive,TRUE,FALSE,ethereum,USDT,Tether USD,4850.0,0.998262,4841.57,0xaecd0b94f8d67b9af8fb9fd2addeb63f433406e6,,0xf870ed20a0e5914751c0d5745a33d9586d6fc861b92ab71ae24f59425a643b79
Brute OTC,0x9244a6962d8f2eefdcfec223f68d83df293d9797,2026-06-24 14:48:11,2026-06-24,receive,TRUE,FALSE,ethereum,USDT,Tether USD,13670.0,1.001793,13694.51,0x200d66db8822de99fa2d8b74d361ffc92ce94843,,0x7f9e3279e6c3a46893c76f2632817b433b30197c9bda9b9b5f1c58c46b419b80
Brute OTC,0x9244a6962d8f2eefdcfec223f68d83df293d9797,2026-06-24 03:51:11,2026-06-24,receive,TRUE,FALSE,ethereum,USDT,Tether USD,85657.8,0.999173,85586.99,0x0b33330843247eb4f51e34e053d31ea5b38cdedd,,0x06b1fc2f363675c8d0035c58bdc0b1cf78d37c89dc3889e88e946c5ef690319a
Brute OTC,0x9244a6962d8f2eefdcfec223f68d83df293d9797,2026-06-24 00:15:23,2026-06-24,receive,TRUE,FALSE,ethereum,USDT,Tether USD,24312.48,0.998406,24273.74,0xaa8ba7d4611437141192e7ceced531bc0a133efb,,0xfe9be7884f0aafbc4588c0c07fa88177a2a5e50c9c100bf08cb91e237da164ac
Brute OTC,0x9244a6962d8f2eefdcfec223f68d83df293d9797,2026-06-23 16:26:59,2026-06-23,receive,TRUE,FALSE,ethereum,USDT,Tether USD,24808.85,0.999462,24795.51,0xdfd5293d8e347dfe59e90efd55b2956a1343963d,,0x8da84c1305e386b1ccfcc3c2a3f8fa3efda0eb1a31e1a4e80f263967b4149c49
Brute OTC,0x9244a6962d8f2eefdcfec223f68d83df293d9797,2026-06-21 17:44:35,2026-06-21,receive,TRUE,FALSE,ethereum,USDT,Tether USD,24313.85,0.998789,24284.41,0xaa8ba7d4611437141192e7ceced531bc0a133efb,,0x754e53475cf0b015dea3acf420f632f2598fda782376eb09694bfc3074b27183
Brute OTC,0x9244a6962d8f2eefdcfec223f68d83df293d9797,2026-06-19 20:15:35,2026-06-19,receive,TRUE,FALSE,ethereum,USDT,Tether USD,14625.0,0.999189,14613.14,0xbb2f3c011d42d8f023afa5ff2a3f609507d66974,,0x77127507743b00739ecf5deb655e7dc54a6764e806b211c17cebe82b05e513a9
Brute OTC,0x9244a6962d8f2eefdcfec223f68d83df293d9797,2026-06-19 01:42:59,2026-06-19,receive,TRUE,FALSE,ethereum,USDT,Tether USD,4850.0,0.998725,4843.81,0xaecd0b94f8d67b9af8fb9fd2addeb63f433406e6,,0x6109d6c5d688e1a8f3bee843aa3b3ed7325536305a1eda8ef778fe67bb4f1c1f
Brute OTC,0x9244a6962d8f2eefdcfec223f68d83df293d9797,2026-06-18 20:43:23,2026-06-18,trade,FALSE,FALSE,ethereum,PYUSD,PayPal USD,4993.315526,0.999592,4991.28,0x2d5805a423d6ce771f06972ad4499f120902631a,,0xf0dadd613d52ed0f62243656e4f9525b978e8cb201ef2f2b22bf883fe01efa84
Brute OTC,0x9244a6962d8f2eefdcfec223f68d83df293d9797,2026-06-18 20:43:11,2026-06-18,trade,FALSE,FALSE,ethereum,USDC,USDC,4994.852703,0.99988,4994.26,0x00000000008d5f1200332af8a6813cb8377b5bfd,,0xc75e8dc8f223cbcc4bcff44197c7d8c65d6986ab01892df7fed75d268d0f0351
Brute OTC,0x9244a6962d8f2eefdcfec223f68d83df293d9797,2026-06-17 21:52:23,2026-06-17,receive,TRUE,FALSE,ethereum,USDT,Tether USD,9700.0,0.999199,9692.23,0xaecd0b94f8d67b9af8fb9fd2addeb63f433406e6,,0x5717d176d11c36643bfc16152dea2e7be7c13eaf339a86289df57f3156c09273
Brute OTC,0x9244a6962d8f2eefdcfec223f68d83df293d9797,2026-06-16 19:28:23,2026-06-16,receive,TRUE,FALSE,ethereum,USDT,Tether USD,16533.0,0.998864,16514.23,0xaa8ba7d4611437141192e7ceced531bc0a133efb,,0x9371e475152295e6f6c09c0ff1eabe509d18b21dce93d6d8a91449575da6a8f5
Brute OTC,0x9244a6962d8f2eefdcfec223f68d83df293d9797,2026-06-16 17:56:47,2026-06-16,receive,TRUE,FALSE,ethereum,USDT,Tether USD,17505.0,0.999244,17491.77,0xa9d1e08c7793af67e9d92fe308d5697fb81d3e43,,0x47e00f60ca9866266054edca8f0844779811fca04de57906fa7950d1b85ad67b
Brute OTC,0x9244a6962d8f2eefdcfec223f68d83df293d9797,2026-06-16 17:49:11,2026-06-16,receive,TRUE,FALSE,ethereum,USDT,Tether USD,16533.0,0.999003,16516.52,0xa9d1e08c7793af67e9d92fe308d5697fb81d3e43,,0xa7bffe5d7937d4c21ed816a13942e3ca92ec7744ce26955675c0e65b13011b68
Brute OTC,0x9244a6962d8f2eefdcfec223f68d83df293d9797,2026-06-15 21:06:23,2026-06-15,receive,TRUE,FALSE,ethereum,USDT,Tether USD,38900.0,0.99963,38885.62,0x0b33330843247eb4f51e34e053d31ea5b38cdedd,,0x7934c31372e1f7dbdfcaab27b9449335cdb59887582d8961229d664d61077454
Brute OTC,0x9244a6962d8f2eefdcfec223f68d83df293d9797,2026-06-13 22:23:35,2026-06-13,receive,TRUE,FALSE,ethereum,USDT,Tether USD,43762.5,0.999414,43736.85,0x0b33330843247eb4f51e34e053d31ea5b38cdedd,,0x582aa3b63d0f77c6ae3f8eb8a305b3c29646edcd00ff64d59e9846e95bb75824
Brute OTC,0x9244a6962d8f2eefdcfec223f68d83df293d9797,2026-06-12 19:13:23,2026-06-12,receive,TRUE,FALSE,ethereum,USDT,Tether USD,48500.0,0.999311,48466.56,0x04a762d221c1644c025b3d6d1774a25039a508f5,,0x1c97f994598fce2bb0fcf445753f7a6258a70bd16494858237bd8cece45a4b86
Brute OTC,0x9244a6962d8f2eefdcfec223f68d83df293d9797,2026-06-09 19:28:35,2026-06-09,trade,FALSE,FALSE,ethereum,USDC,USDC,1998.437121,1.000112,1998.66,0x00000000008d5f1200332af8a6813cb8377b5bfd,,0x9fc56dc0625c8cbc9e41d15dc8601badc80b527f223cc8c726da3925f6886bdf
Brute OTC,0x9244a6962d8f2eefdcfec223f68d83df293d9797,2026-06-09 19:28:23,2026-06-09,trade,FALSE,FALSE,ethereum,PYUSD,PayPal USD,1997.187896,1.000354,1997.89,0xa5d87aab3b1818ba74875db0e69ae91588de004f,,0xf89a7e0758921df539f3899ebad6c3df3a43f1233f2588c63ed541c9fcd198a8
Brute OTC,0x9244a6962d8f2eefdcfec223f68d83df293d9797,2026-06-09 02:52:11,2026-06-09,receive,TRUE,FALSE,ethereum,USDT,Tether USD,24312.5,0.998763,24282.43,0xaa8ba7d4611437141192e7ceced531bc0a133efb,,0x62485e79a4c6b2cf5bf1feac3deafd8330e9a1a293e4ee822bf2a745770432fb
Brute OTC,0x9244a6962d8f2eefdcfec223f68d83df293d9797,2026-06-06 01:45:11,2026-06-06,receive,TRUE,FALSE,ethereum,USDT,Tether USD,15800.0,0.999627,15794.1,0x2810c51bd274ea774b67c6fae96365553cea97f1,,0x9ea59b9b38098bc554601ec884010fc5a83e06e47abe8bd19f6c742f7dbd93b8
Brute OTC,0x9244a6962d8f2eefdcfec223f68d83df293d9797,2026-06-05 17:51:23,2026-06-05,receive,TRUE,FALSE,ethereum,USDT,Tether USD,38900.0,0.999467,38879.26,0x0b33330843247eb4f51e34e053d31ea5b38cdedd,,0x4622f95a1509283160ebf46ce25ea3f0291207f1ba6fdb22e553504a21882313
Brute OTC,0x9244a6962d8f2eefdcfec223f68d83df293d9797,2026-06-05 02:10:23,2026-06-05,receive,TRUE,FALSE,ethereum,USDT,Tether USD,19450.0,0.998947,19429.52,0xaa8ba7d4611437141192e7ceced531bc0a133efb,,0xda54b131eabb58c51f94d188248c7f95b97d3c79a4248d20684a855b3dca12b1
Brute OTC,0x9244a6962d8f2eefdcfec223f68d83df293d9797,2026-06-03 21:23:59,2026-06-03,receive,TRUE,FALSE,ethereum,USDT,Tether USD,43875.0,0.998099,43791.6,0x9e3a802ab56770adc534eb523a16bb5737970154,,0xd9cb7d010897b7e46611fd81a146a6426b1c694e3b1aa12dae069aa9f99eca38
Brute OTC,0x9244a6962d8f2eefdcfec223f68d83df293d9797,2026-06-02 18:47:59,2026-06-02,receive,TRUE,FALSE,ethereum,USDT,Tether USD,203250.0,0.998442,202933.32,0xbbc479491d9433678e11129cb2a9e226e7cc76b3,,0x0c89ade0edb2f72c876fa6bdecc1201d06ca5bbd49eda2ee98f2eb7914719655
Brute OTC,0x9244a6962d8f2eefdcfec223f68d83df293d9797,2026-06-01 20:54:23,2026-06-01,receive,TRUE,FALSE,ethereum,USDT,Tether USD,19450.0,0.998707,19424.85,0xaa8ba7d4611437141192e7ceced531bc0a133efb,,0xf1470a87fd048ffd5b5da140b8cb54a15611e8199b079eba5c91900588f37c20
Brute OTC,0x9244a6962d8f2eefdcfec223f68d83df293d9797,2026-06-01 20:24:47,2026-06-01,receive,TRUE,FALSE,ethereum,USDT,Tether USD,16533.0,0.998674,16511.07,0xa9d1e08c7793af67e9d92fe308d5697fb81d3e43,,0xb2558667b25d45cc14ec603b1be943b299ded93d053726b622f441293b53dd56
Brute OTC,0x9244a6962d8f2eefdcfec223f68d83df293d9797,2026-06-01 19:25:23,2026-06-01,receive,TRUE,FALSE,ethereum,USDT,Tether USD,72742.65,0.998634,72643.25,0x0b33330843247eb4f51e34e053d31ea5b38cdedd,,0xf25bca8705277b44db1cbf25a3ac166ad38b128861092cd8d75274fd3b7491ad
Brute OTC,0x9244a6962d8f2eefdcfec223f68d83df293d9797,2026-06-01 16:05:11,2026-06-01,trade,FALSE,FALSE,ethereum,USDT,Tether USD,18238.325225,0.997822,18198.61,0x399740157391a9f1bf4e9921a8834f9bc8f2678e,,0xf65c2e13e572386d27ff8896841c88f63132dcaa92510afb167a9cda2d15bdae
Brute OTC,0x9244a6962d8f2eefdcfec223f68d83df293d9797,2026-06-01 16:00:23,2026-06-01,receive,TRUE,FALSE,ethereum,USDC,USDC,18275.790477,0.999804,18272.21,0x399740157391a9f1bf4e9921a8834f9bc8f2678e,,0xe13023eb473deb7b1aa26e01f6ee20d3471b6657b0210c09159a38ed7ff93609
Brute OTC,0x9244a6962d8f2eefdcfec223f68d83df293d9797,2026-05-29 22:44:47,2026-05-29,receive,TRUE,FALSE,ethereum,USDT,Tether USD,12655.186223,0.998923,12641.55,0xa9d1e08c7793af67e9d92fe308d5697fb81d3e43,,0x3b939d78195d96d6a5eadfad1c0973e5949f2290ca8c89234bcd3126e5bbcef6
Brute OTC,0x9244a6962d8f2eefdcfec223f68d83df293d9797,2026-05-29 22:28:23,2026-05-29,receive,TRUE,FALSE,ethereum,USDT,Tether USD,17505.0,0.998946,17486.56,0xaa8ba7d4611437141192e7ceced531bc0a133efb,,0x8d99051341e3ca10f7d04f0f8552557b5282426aebe46135d9a4903f75f854b1
Brute OTC,0x9244a6962d8f2eefdcfec223f68d83df293d9797,2026-05-29 16:40:11,2026-05-29,trade,FALSE,FALSE,ethereum,USDT,Tether USD,8275.377754,0.998402,8262.16,0x2d5805a423d6ce771f06972ad4499f120902631a,,0x7cd45b799909e78842969a565496b7275b0ae1d894ce932962b6ff86776bcefb
Brute OTC,0x9244a6962d8f2eefdcfec223f68d83df293d9797,2026-05-29 16:38:47,2026-05-29,receive,TRUE,FALSE,ethereum,USDT,Tether USD,6108.522355,0.998402,6098.76,0x00000000008d5f1200332af8a6813cb8377b5bfd,,0xb030dba58c7401e60f13ac545399ebfee680863ca2b78310f69abea53198ca18
Brute OTC,0x9244a6962d8f2eefdcfec223f68d83df293d9797,2026-05-29 16:37:35,2026-05-29,receive,TRUE,FALSE,ethereum,USDT,Tether USD,10911.379397,0.998402,10893.95,0xbeef02961503351625926ea9a11ae13b29f5c555,,0xde22c7788a5e7273ac93efc1c6dab80f1325e82cb09beebaf361c10f98a1e0b7
Brute OTC,0x9244a6962d8f2eefdcfec223f68d83df293d9797,2026-05-28 17:48:47,2026-05-28,receive,TRUE,FALSE,ethereum,USDT,Tether USD,15560.0,0.998676,15539.4,0xa9d1e08c7793af67e9d92fe308d5697fb81d3e43,,0x32b283b3ab38434e6902d72864061bd7c12f73d72b4cad935088e3f8dc041312
Brute OTC,0x9244a6962d8f2eefdcfec223f68d83df293d9797,2026-05-28 06:57:23,2026-05-28,receive,TRUE,FALSE,ethereum,USDC,USDC,67767.0,0.999147,67709.23,0x66273988a9fe63a8bee60aa5cac460a4b8f1a85d,,0x364aa53e681745107208fd98bca17538097f9e4ac94e5d0a0b3cdd82e85fd7c2
Brute OTC,0x9244a6962d8f2eefdcfec223f68d83df293d9797,2026-05-28 02:36:11,2026-05-28,receive,TRUE,FALSE,ethereum,USDT,Tether USD,50000.0,0.998108,49905.4,0x0b33330843247eb4f51e34e053d31ea5b38cdedd,,0x1f02ea9535532f258a8ec4a56bc394fa73b4ece98c26585b582147e235d8598f
Brute OTC,0x9244a6962d8f2eefdcfec223f68d83df293d9797,2026-05-27 17:26:23,2026-05-27,receive,TRUE,FALSE,ethereum,USDT,Tether USD,48500.0,0.998516,48428.01,0x04a762d221c1644c025b3d6d1774a25039a508f5,,0x79440b5fa03457f6011bcfd233694111c0d5c24ca1e1e91b0ee5869f8f843ce3
Brute OTC,0x9244a6962d8f2eefdcfec223f68d83df293d9797,2026-05-27 15:23:23,2026-05-27,trade,FALSE,FALSE,ethereum,USDT,Tether USD,28176.833135,0.999102,28151.53,0x399740157391a9f1bf4e9921a8834f9bc8f2678e,,0x6166aee05d4e487fdbbdee68e4ab729e5c41bb886f3d373ca3b2cff9898b8dfe
Brute OTC,0x9244a6962d8f2eefdcfec223f68d83df293d9797,2026-05-26 19:56:11,2026-05-26,receive,TRUE,FALSE,ethereum,USDT,Tether USD,19779.0,0.998527,19749.87,0x248bb534b6ea5d64b5d2a0c12230301dbaf0d2ed,,0x379252a6196335557591561574dfce9f331345a2489fee794a9b5067ededa3de
Brute OTC,0x9244a6962d8f2eefdcfec223f68d83df293d9797,2026-05-25 21:49:59,2026-05-25,receive,TRUE,FALSE,ethereum,USDT,Tether USD,9750.0,0.999721,9747.28,0x0a11991c5fe703e12528bd50b0794920e42edd51,,0x806e5121690810a3341375968d39c74815b9fbe4c8b0ccad0311cc3d611c7197
Brute OTC,0x9244a6962d8f2eefdcfec223f68d83df293d9797,2026-05-22 03:19:11,2026-05-22,receive,TRUE,FALSE,ethereum,USDT,Tether USD,50000.0,0.998815,49940.75,0x0b33330843247eb4f51e34e053d31ea5b38cdedd,,0x7dacf7c18eef8afcebb4e30f5e05706d214bddaf5b13d0aa8389ed571b0292fd
Brute OTC,0x9244a6962d8f2eefdcfec223f68d83df293d9797,2026-05-21 21:27:23,2026-05-21,receive,TRUE,FALSE,ethereum,USDT,Tether USD,48814.0,0.998934,48761.95,0x9e3a802ab56770adc534eb523a16bb5737970154,,0xb529186f3e1d3bef49659e3626f407681526bbdf65b7bd5535cee40941de5f2e
Brute OTC,0x9244a6962d8f2eefdcfec223f68d83df293d9797,2026-05-20 19:07:35,2026-05-20,receive,TRUE,FALSE,ethereum,USDT,Tether USD,15560.0,0.998889,15542.71,0xa9d1e08c7793af67e9d92fe308d5697fb81d3e43,,0x9bb3a682e43150314da032572dbf9fafd9b832bf3e290e298f2d87ada2441128
Brute OTC,0x9244a6962d8f2eefdcfec223f68d83df293d9797,2026-05-20 04:27:23,2026-05-20,receive,TRUE,FALSE,ethereum,USDT,Tether USD,19910.0,0.998879,19887.67,0xe36d87299fa64fba2c2dfb426d46272831d7ac8a,,0x11350afa0b7274348a0bc08d4600e5be30500ef7f3a3736ecd1e6d76fb94bb28
Brute OTC,0x9244a6962d8f2eefdcfec223f68d83df293d9797,2026-05-19 19:37:47,2026-05-19,receive,TRUE,FALSE,ethereum,USDT,Tether USD,16532.0,1.000027,16532.45,0xa9d1e08c7793af67e9d92fe308d5697fb81d3e43,,0x2086f27ff962dd323b8480f3a1ccd2755405941c5396020b1e64536ab196d2d6
Brute OTC,0x9244a6962d8f2eefdcfec223f68d83df293d9797,2026-05-18 18:22:47,2026-05-18,receive,TRUE,FALSE,ethereum,USDT,Tether USD,18525.0,0.99917,18509.62,0x200d66db8822de99fa2d8b74d361ffc92ce94843,,0xfb9765df73a15d58108a83496ef4fe04e2be4eeac87c0422c27b95ba6060c2d0
Brute OTC,0x9244a6962d8f2eefdcfec223f68d83df293d9797,2026-05-17 18:44:11,2026-05-17,receive,TRUE,FALSE,ethereum,USDT,Tether USD,17505.0,0.999764,17500.87,0xaa8ba7d4611437141192e7ceced531bc0a133efb,,0x0653c9f094ae5636328560fbb7764633f6c386af098f6408c56fdca1c14dbab1
Brute OTC,0x9244a6962d8f2eefdcfec223f68d83df293d9797,2026-05-17 03:47:23,2026-05-17,receive,TRUE,FALSE,ethereum,USDT,Tether USD,19398.0,0.999549,19389.24,0x53cd3124513e5f3240127b541bd4ca7c567b438a,,0x1f1c29ae6d244a707eb5b054a427b83e8eef6f32fe607afcd2bf064bb69ff9b9
Brute OTC,0x9244a6962d8f2eefdcfec223f68d83df293d9797,2026-05-14 22:15:35,2026-05-14,receive,TRUE,FALSE,ethereum,USDT,Tether USD,30000.0,0.999863,29995.88,0x0b33330843247eb4f51e34e053d31ea5b38cdedd,,0xd3fc6c1260610ca80fbedbe0e9044b4c659bc936e0365b3fee74fbf38c35df73
Brute OTC,0x9244a6962d8f2eefdcfec223f68d83df293d9797,2026-05-14 20:17:47,2026-05-14,receive,TRUE,FALSE,ethereum,USDT,Tether USD,16575.0,0.998807,16555.23,0xe36d87299fa64fba2c2dfb426d46272831d7ac8a,,0xe926010de56224a95b5ada36667a68172e681501926858be01a785df75c495a2
Brute OTC,0x9244a6962d8f2eefdcfec223f68d83df293d9797,2026-05-14 19:34:11,2026-05-14,receive,TRUE,FALSE,ethereum,USDT,Tether USD,43229.25,0.999872,43223.7,0x0b33330843247eb4f51e34e053d31ea5b38cdedd,,0x2bba693c156e6709d2d0eca44eab561319d45073992c90f8b695018117539523
Brute OTC,0x9244a6962d8f2eefdcfec223f68d83df293d9797,2026-05-14 05:08:35,2026-05-14,receive,TRUE,FALSE,ethereum,USDT,Tether USD,21206.0,0.999294,21191.03,0xe36d87299fa64fba2c2dfb426d46272831d7ac8a,,0xb5a28d79368a126f3c6844b0d722204594f09c8850c9d4f155b06b5ee96bddce
Brute OTC,0x9244a6962d8f2eefdcfec223f68d83df293d9797,2026-05-13 00:17:59,2026-05-13,receive,TRUE,FALSE,ethereum,USDT,Tether USD,48624.74,0.999856,48617.72,0xaa8ba7d4611437141192e7ceced531bc0a133efb,,0x60decd6a6120581b10781b5d4d0170452f5c61b2ef4ca3a28a894bae1ddd09e4
Brute OTC,0x9244a6962d8f2eefdcfec223f68d83df293d9797,2026-05-12 00:43:47,2026-05-12,receive,TRUE,FALSE,ethereum,USDT,Tether USD,15405.0,0.999499,15397.28,0xe36d87299fa64fba2c2dfb426d46272831d7ac8a,,0x4ca4ea4187743bbc499ef8ef2b9719d171c1645c8ddfe228699b8252e785f59e
Brute OTC,0x9244a6962d8f2eefdcfec223f68d83df293d9797,2026-05-09 05:03:23,2026-05-09,receive,TRUE,FALSE,ethereum,USDT,Tether USD,29100.0,0.999745,29092.59,0x04a762d221c1644c025b3d6d1774a25039a508f5,,0x08be21e4001eb71d044b55d6ab70751f91bbb45af39f697668980b3d5a69f829
Brute OTC,0x9244a6962d8f2eefdcfec223f68d83df293d9797,2026-05-06 20:52:11,2026-05-06,receive,TRUE,FALSE,ethereum,USDT,Tether USD,20422.5,0.999685,20416.07,0x0b33330843247eb4f51e34e053d31ea5b38cdedd,,0x4228b645796aea44cf9590eca76a808574567674ee5f5a402d3d01c4e04fcf58
Brute OTC,0x9244a6962d8f2eefdcfec223f68d83df293d9797,2026-04-29 22:45:11,2026-04-29,receive,TRUE,FALSE,ethereum,USDT,Tether USD,58900.0,1.000184,58910.85,0x0b33330843247eb4f51e34e053d31ea5b38cdedd,,0x31009fe536482ecf81de03feb301f741d9fc27e6a26cee0709425a70bdbaab14
Brute OTC,0x9244a6962d8f2eefdcfec223f68d83df293d9797,2026-04-26 21:06:47,2026-04-26,receive,TRUE,FALSE,ethereum,USDT,Tether USD,7800.0,0.999885,7799.11,0x85e8a6c9a0e92b541c45ba4ec874a198a5cd235a,,0x843f56c822528125266055b23669cbf523a1cb0d1611e344a98ff47d9af41d76
Brute OTC,0x9244a6962d8f2eefdcfec223f68d83df293d9797,2026-04-25 18:53:47,2026-04-25,receive,TRUE,FALSE,ethereum,ETH,Ethereum,17.7735,2312.98,41109.75,0x6116f484534d113d423c6b5b302d69c665a2d37b,,0x7767f2d3366f31a0ed704362267fcfe0fb5ce920e90fdbb5b653d801822640fd
Brute OTC,0x9244a6962d8f2eefdcfec223f68d83df293d9797,2026-04-24 07:35:59,2026-04-24,receive,TRUE,FALSE,ethereum,USDT,Tether USD,32515.0,1.000223,32522.26,0x0b33330843247eb4f51e34e053d31ea5b38cdedd,,0x7c0670d4c09375f3b01929c8cb38c3e6cdf3b284f752506ea4be16699b1025bf
Brute OTC,0x9244a6962d8f2eefdcfec223f68d83df293d9797,2026-04-24 00:34:47,2026-04-24,receive,TRUE,FALSE,ethereum,USDT,Tether USD,14580.0,1.000306,14584.47,0xa9d1e08c7793af67e9d92fe308d5697fb81d3e43,,0x360576ae65a61d15d49a29f0649c240c2ab30df587939f729582ee23a76d5f9d
Brute OTC,0x9244a6962d8f2eefdcfec223f68d83df293d9797,2026-04-23 20:45:59,2026-04-23,receive,TRUE,FALSE,ethereum,USDT,Tether USD,14587.0,1.000149,14589.18,0xa9d1e08c7793af67e9d92fe308d5697fb81d3e43,,0xbb9de20a3027a352992bdbadf95a48703a1a3c6f7f59cc4ef2ed7591457aae11
Brute OTC,0x9244a6962d8f2eefdcfec223f68d83df293d9797,2026-04-23 01:53:11,2026-04-23,receive,TRUE,FALSE,ethereum,USDT,Tether USD,19450.0,0.99979,19445.91,0xaa8ba7d4611437141192e7ceced531bc0a133efb,,0x890a9995c21b29afdc532f51d7614ca1184783f3827977c080eeda6a2fbabc3e
Brute OTC,0x9244a6962d8f2eefdcfec223f68d83df293d9797,2026-04-22 17:56:59,2026-04-22,receive,TRUE,FALSE,ethereum,USDT,Tether USD,14625.0,0.998749,14606.7,0xcdfcf55199c4b9366df2c093ff3d499f652d4b20,,0x53cee02c837fc3a4dd7b79cc9cfe3023fb9f4c496656e87575208f98f47f2706
Brute OTC,0x9244a6962d8f2eefdcfec223f68d83df293d9797,2026-04-21 06:20:47,2026-04-21,receive,TRUE,FALSE,ethereum,USDT,Tether USD,20000.0,1.00013,20002.59,0x248bb534b6ea5d64b5d2a0c12230301dbaf0d2ed,,0x1f07f1bbbaff35b8d540a3b7962b119eea86f57acc638860326bf5ce93f59cf4
Brute OTC,0x9244a6962d8f2eefdcfec223f68d83df293d9797,2026-04-19 17:40:35,2026-04-19,receive,TRUE,FALSE,ethereum,USDT,Tether USD,9085.0,1.000055,9085.5,0x3c6e4f46507c6b351f4c464107f7f1dd68bf11b9,,0xdeeb593d46125f0839f8da264b9db141cfe00208ccf7124ed507856dfe327b6c
Brute OTC,0x9244a6962d8f2eefdcfec223f68d83df293d9797,2026-04-16 20:24:23,2026-04-16,receive,TRUE,FALSE,ethereum,USDT,Tether USD,58350.0,1.000329,58369.19,0x0b33330843247eb4f51e34e053d31ea5b38cdedd,,0x92c20901312b2e5fc9b3e877bf02ff4922bb91b132b01e82c314d47e801b8da1
Brute OTC,0x9244a6962d8f2eefdcfec223f68d83df293d9797,2026-04-15 23:13:35,2026-04-15,receive,TRUE,FALSE,ethereum,USDT,Tether USD,14550.0,1.00054,14557.86,0x52b4fc1455634abcbb5e8f8da4aade7607814236,,0x84d09644e5f420f542fd9f21b5a3279b2c46c7e1bac9bbfb1ac130e3f9854253
Brute OTC,0x9244a6962d8f2eefdcfec223f68d83df293d9797,2026-04-15 21:06:47,2026-04-15,receive,TRUE,FALSE,ethereum,USDT,Tether USD,14588.0,0.999893,14586.43,0xaa8ba7d4611437141192e7ceced531bc0a133efb,,0x520e5ef80e27dc027d6ab003988f310a65db6a8050588f3574213c2beffd167b
Brute OTC,0x9244a6962d8f2eefdcfec223f68d83df293d9797,2026-04-14 21:26:23,2026-04-14,receive,TRUE,FALSE,ethereum,USDT,Tether USD,6825.0,1.000444,6828.03,0x9f61c98cce61c8f9bdc6175d5bb61012dd6a0dc5,,0xa3d76d7b38a02546bed8bfc0b7ce89e644b3bbfb3727d9c74264147dad30b0bb
Brute OTC,0x9244a6962d8f2eefdcfec223f68d83df293d9797,2026-04-13 18:31:35,2026-04-13,receive,TRUE,FALSE,ethereum,USDT,Tether USD,14550.0,0.99976,14546.51,0xaa8ba7d4611437141192e7ceced531bc0a133efb,,0x05aaae8d4d1433112cfca1590153d9ec1c4d2052e4d71ef202dc08b2e46aef37
Brute OTC,0x9244a6962d8f2eefdcfec223f68d83df293d9797,2026-04-11 19:40:11,2026-04-11,receive,TRUE,FALSE,ethereum,USDT,Tether USD,29175.0,1.000287,29183.39,0x0b33330843247eb4f51e34e053d31ea5b38cdedd,,0x0d4628afd9d790dcd3db355639db313e65e57ae796474ac772e16ec57911c4c4
Brute OTC,0x9244a6962d8f2eefdcfec223f68d83df293d9797,2026-04-10 04:23:11,2026-04-10,receive,TRUE,FALSE,ethereum,USDT,Tether USD,14588.0,1.000204,14590.98,0xa9d1e08c7793af67e9d92fe308d5697fb81d3e43,,0x86127cc65a6a67b817e79266971df0bff80a892b2b5407a93fa70138e2a2e21f
Brute OTC,0x9244a6962d8f2eefdcfec223f68d83df293d9797,2026-04-10 03:36:47,2026-04-10,receive,TRUE,FALSE,ethereum,USDC,USDC,9750.0,0.99989,9748.93,0xe36d87299fa64fba2c2dfb426d46272831d7ac8a,,0x2643fe4cfe9329f4893e4f7198238b0c6436eab661b2044a7c33621c53808bdb
Brute OTC,0x9244a6962d8f2eefdcfec223f68d83df293d9797,2026-04-08 20:50:23,2026-04-08,receive,TRUE,FALSE,ethereum,USDT,Tether USD,14588.0,1.000403,14593.88,0xaa8ba7d4611437141192e7ceced531bc0a133efb,,0xfb4ea3cfb05389cbf4d4781384cb8d333d90860a0e9a6d5845fc2b8c760b5646
Brute OTC,0x9244a6962d8f2eefdcfec223f68d83df293d9797,2026-04-08 20:23:59,2026-04-08,receive,TRUE,FALSE,ethereum,USDT,Tether USD,29100.0,1.000149,29104.34,0xe36d87299fa64fba2c2dfb426d46272831d7ac8a,,0x2c28a95b1b5f5966fbba711e2f33e69ee990a8346424f2ae98e0a218ce14b5d1
Brute OTC,0x9244a6962d8f2eefdcfec223f68d83df293d9797,2026-04-06 16:13:11,2026-04-06,receive,TRUE,FALSE,ethereum,USDC,USDC,4825.0,0.999895,4824.5,0x200d66db8822de99fa2d8b74d361ffc92ce94843,,0xdf3a91844bcaf1329143f410217aafdd749c649a24e6d11a34ba9d7aee517aa1
Brute OTC,0x9244a6962d8f2eefdcfec223f68d83df293d9797,2026-04-06 05:12:11,2026-04-06,receive,TRUE,FALSE,ethereum,USDT,Tether USD,19515.0,0.999692,19508.98,0x4275dd9a87012eff10c7099a087f0506842752e6,,0x8fa0649d83cb0ffe2dc45440d4c512d080820d0b291d4df28e7dbb33f68e5eb5
Brute OTC,0x9244a6962d8f2eefdcfec223f68d83df293d9797,2026-04-06 03:34:47,2026-04-06,receive,TRUE,FALSE,ethereum,USDT,Tether USD,48625.0,0.999646,48607.77,0xaa8ba7d4611437141192e7ceced531bc0a133efb,,0xf380823125b2ffd96053ea6b960375eb3b5c008f0becc9a4da052c65274123bd
Brute OTC,0x9244a6962d8f2eefdcfec223f68d83df293d9797,2026-04-06 02:32:11,2026-04-06,receive,TRUE,FALSE,ethereum,USDC,USDC,5580.0,1.000912,5585.09,0xe36d87299fa64fba2c2dfb426d46272831d7ac8a,,0x591268ca372b70192d6bfe95c94469f82b44bcaa278d9488013117da34b318cc
Brute OTC,0x9244a6962d8f2eefdcfec223f68d83df293d9797,2026-04-06 01:59:47,2026-04-06,receive,TRUE,FALSE,ethereum,USDT,Tether USD,4850.0,0.999629,4848.2,0x53cd3124513e5f3240127b541bd4ca7c567b438a,,0xee12548315a7887d15cce0fb419aaa7b8a07c180f53bc623f19fb42044dfe780
Brute OTC,0x9244a6962d8f2eefdcfec223f68d83df293d9797,2026-04-05 21:45:23,2026-04-05,receive,TRUE,FALSE,ethereum,USDT,Tether USD,20000.0,0.999963,19999.26,0x7d2e67398eb62789159c2d8d2d17e070ab3aaf2f,,0x8b5db07f55ef189ac03342cacabf93d1fbfffbd3d2198ec47e318a87ac7f1a19
Brute OTC,0x9244a6962d8f2eefdcfec223f68d83df293d9797,2026-04-05 02:14:23,2026-04-05,receive,TRUE,FALSE,ethereum,USDT,Tether USD,9215.0,0.999935,9214.4,0x042ee0efac0b770ada6fc0a493b117b276143c05,,0xb6dc1d2698661144432f5b61b8eadf1b6117c7f639eaf9137d0427868953e8ad
Brute OTC,0x9244a6962d8f2eefdcfec223f68d83df293d9797,2026-04-02 20:47:35,2026-04-02,receive,TRUE,FALSE,ethereum,USDT,Tether USD,19450.0,0.999678,19443.74,0x0b33330843247eb4f51e34e053d31ea5b38cdedd,,0x69b7b416c6849f07d76ccbc583fcaf694eefbce3cc030e3dd49830a9686497f6
Brute OTC,0x9244a6962d8f2eefdcfec223f68d83df293d9797,2026-04-02 16:18:23,2026-04-02,receive,TRUE,FALSE,ethereum,USDT,Tether USD,29175.0,0.999268,29153.63,0x0b33330843247eb4f51e34e053d31ea5b38cdedd,,0xfa12d57645bbf3c2b5fa8e7b41e4cc14670c0873302d2e90b80efec1682bed5c
Brute OTC,0x9244a6962d8f2eefdcfec223f68d83df293d9797,2026-04-01 21:06:23,2026-04-01,receive,TRUE,FALSE,ethereum,USDC,USDC,9700.0,1.000013,9700.12,0x909b6e09b92732f738713ba01c69a9f8bc5b5e89,,0xe8281ee5138c993003a618e03acbd21df6926439fa4ffbf419126950bbdfef8b
Brute OTC,0x9244a6962d8f2eefdcfec223f68d83df293d9797,2026-03-31 18:18:59,2026-03-31,receive,TRUE,FALSE,ethereum,USDC,USDC,19400.0,0.999591,19392.06,0x53cd3124513e5f3240127b541bd4ca7c567b438a,,0x85246ccbad05bec6abf2fde8bc9b4c654d2b480aefda7a69937366ca3041eba1
Brute OTC,0x9244a6962d8f2eefdcfec223f68d83df293d9797,2026-03-27 22:26:59,2026-03-27,receive,TRUE,FALSE,ethereum,USDC,USDC,17574.332718,0.999738,17569.73,0x940bb47491ab320866d3f38288ba3d939f06f513,,0x9545dc256e7ecc8296c67d83f72c8013c876671a96007898b494a4f3b5924ba9
Brute OTC,0x9244a6962d8f2eefdcfec223f68d83df293d9797,2026-03-27 00:42:23,2026-03-27,receive,TRUE,FALSE,ethereum,USDC,USDC,4900.0,0.999451,4897.31,0x22019070ca9500f52a3cf6a5635f98df4d5818f7,,0x59afe644c6a31b91124f8fca5e97fbf618d7c3b8663fa4d59cf8369adc6d054a
Brute OTC,0x9244a6962d8f2eefdcfec223f68d83df293d9797,2026-03-23 16:57:23,2026-03-23,receive,TRUE,FALSE,ethereum,USDT,Tether USD,12975.0,0.999533,12968.94,0x0f82a63b101bc4a09791ed84561877820414f9ea,,0xa4017c66e879c35f9de738e2ba16b6ac090dd3417849679577b0ad805b3a00ef
Brute OTC,0x9244a6962d8f2eefdcfec223f68d83df293d9797,2026-03-20 20:02:11,2026-03-20,receive,TRUE,FALSE,ethereum,USDT,Tether USD,14500.0,1.000064,14500.93,0xaa8ba7d4611437141192e7ceced531bc0a133efb,,0x8379aa67b574804dbde607d8272518214ee1e9a7e487d0f93aaf12a8890be633
Brute OTC,0x9244a6962d8f2eefdcfec223f68d83df293d9797,2026-03-19 02:43:47,2026-03-19,receive,TRUE,FALSE,ethereum,USDT,Tether USD,14550.0,1.000396,14555.76,0x52b4fc1455634abcbb5e8f8da4aade7607814236,,0xd740ded99bdfa39872d2820c19eefbb99b192ae91a799ca926e287e006e78a87
Brute OTC,0x9244a6962d8f2eefdcfec223f68d83df293d9797,2026-03-18 03:22:23,2026-03-18,receive,TRUE,FALSE,ethereum,USDC,USDC,14550.0,0.999905,14548.62,0xf63c27490378fb7538d415f4d701fc94f6821f56,,0xa79778647642bef4cc460b0e90f40c812c6a92de4e8bbbe60754e5453a4b5c45
Brute OTC,0x9244a6962d8f2eefdcfec223f68d83df293d9797,2026-03-17 21:03:11,2026-03-17,receive,TRUE,FALSE,ethereum,USDC,USDC,9700.0,1.000115,9701.11,0x53cd3124513e5f3240127b541bd4ca7c567b438a,,0xaeb7471d6887a7e7d2546bbdf8f5b6c53a681e2cfc960c1ae81493f5fb243c0a
Brute OTC,0x9244a6962d8f2eefdcfec223f68d83df293d9797,2026-03-09 12:19:59,2026-03-09,receive,TRUE,FALSE,ethereum,USDT,Tether USD,6050.0,1.000464,6052.81,0x18e296053cbdf986196903e889b7dca7a73882f6,,0x9e7487ae94bcf18e51f7c34bb7bd52942b29bd4af8fc1e95c73a992c50598d81
Brute OTC,0x9244a6962d8f2eefdcfec223f68d83df293d9797,2026-03-06 21:16:59,2026-03-06,receive,TRUE,FALSE,ethereum,USDT,Tether USD,9700.0,0.999676,9696.86,0xf304136ce629260e3565fc5be837578770287f6c,,0x1cf9cbf9bb1e259e10e6f54a92b0f9093f6e815c3ecf348e9defad2425d2cf3f
Brute OTC,0x9244a6962d8f2eefdcfec223f68d83df293d9797,2026-03-04 19:50:11,2026-03-04,receive,TRUE,FALSE,ethereum,USDT,Tether USD,20000.0,1.000412,20008.23,0x248bb534b6ea5d64b5d2a0c12230301dbaf0d2ed,,0x4a880bdb64eb45787c15e1e98abc59ca3fa8a8af0a0039d3205cda3d2d76d057
Brute OTC,0x9244a6962d8f2eefdcfec223f68d83df293d9797,2026-03-04 05:23:47,2026-03-04,receive,TRUE,FALSE,ethereum,USDT,Tether USD,48625.0,0.99968,48609.46,0xaa8ba7d4611437141192e7ceced531bc0a133efb,,0x702976b702ac6dd44af59982789a9f705f0d6b5cabc9444ef2573d63fd0018b4
Brute OTC,0x9244a6962d8f2eefdcfec223f68d83df293d9797,2026-03-03 23:47:59,2026-03-03,receive,TRUE,FALSE,ethereum,USDT,Tether USD,29100.0,1.000496,29114.44,0xe36d87299fa64fba2c2dfb426d46272831d7ac8a,,0x1720ad6e8e32463f0e1c408a1149a8732d7a218f84d437eed26246094f0906d7
Brute OTC,0x9244a6962d8f2eefdcfec223f68d83df293d9797,2026-03-03 23:10:23,2026-03-03,receive,TRUE,FALSE,ethereum,USDT,Tether USD,4275.0,0.999629,4273.41,0xbc8c14411d9be20e2c8d7ab1884282abf835c320,,0x248f055f758f97214efced7b9b3c60d33d618da2d9a0ba544df940ec2b7e99bf
Brute OTC,0x9244a6962d8f2eefdcfec223f68d83df293d9797,2026-03-02 21:54:35,2026-03-02,receive,TRUE,FALSE,ethereum,USDT,Tether USD,4850.0,1.000426,4852.07,0x53cd3124513e5f3240127b541bd4ca7c567b438a,,0x56f19fcbe52d01f9907298adedf514f4b2a90f035599d42bc9372c62b2352678
Brute OTC,0x9244a6962d8f2eefdcfec223f68d83df293d9797,2026-03-02 17:42:11,2026-03-02,receive,TRUE,FALSE,ethereum,USDT,Tether USD,1900.0,0.999182,1898.45,0x52b4fc1455634abcbb5e8f8da4aade7607814236,,0xf3fbfe0e327693b3f649b3ac231cf46706fbf5770ee699d6de3a6ff622ba17c9
Brute OTC,0x9244a6962d8f2eefdcfec223f68d83df293d9797,2026-03-02 16:00:47,2026-03-02,receive,TRUE,FALSE,ethereum,USDT,Tether USD,6790.0,1.001543,6800.48,0x909b6e09b92732f738713ba01c69a9f8bc5b5e89,,0x93bfe21d5569bc6d0fbc4ad6cc82364b37ec541eca9bf43e9907da045c1b8775
Brute OTC,0x9244a6962d8f2eefdcfec223f68d83df293d9797,2026-03-02 10:51:47,2026-03-02,receive,TRUE,FALSE,ethereum,USDT,Tether USD,27200.0,0.999555,27187.89,0x52b4fc1455634abcbb5e8f8da4aade7607814236,,0x0f89c360f1769238a220644fa769fc6f52d91dfa10780c5ceb35c287bfd41a29
Brute OTC,0x9244a6962d8f2eefdcfec223f68d83df293d9797,2026-03-01 09:15:11,2026-03-01,receive,TRUE,FALSE,ethereum,USDT,Tether USD,2910.0,0.999437,2908.36,0xe161e68b13fa26df9570afb6d785df5270ecb8c4,,0x60cacd8865610b38b7130274db1e23e5f739518fb497bd276fea3819efe7e393
Brute OTC,0x9244a6962d8f2eefdcfec223f68d83df293d9797,2026-02-28 00:14:23,2026-02-28,receive,TRUE,FALSE,ethereum,USDT,Tether USD,5520.0,1.00013,5520.72,0xf304136ce629260e3565fc5be837578770287f6c,,0x8305d58b3a2f8c4ae0b48c9ae4dd31b3712529afdd8a36297ec00d1059cc8814
Brute OTC,0x9244a6962d8f2eefdcfec223f68d83df293d9797,2026-02-28 00:13:23,2026-02-28,receive,TRUE,FALSE,ethereum,USDC,USDC,10000.0,0.999971,9999.71,0xf304136ce629260e3565fc5be837578770287f6c,,0xbe2ab951b81e46db9f8bad4cde816b10aff97b1575f7d026c65cf58c299acfaf
Brute OTC,0x9244a6962d8f2eefdcfec223f68d83df293d9797,2026-02-21 07:58:11,2026-02-21,receive,TRUE,FALSE,ethereum,USDC,USDC,24125.0,0.999966,24124.19,0x260b364fe0d3d37e6fd3cda0fa50926a06c54cea,,0xa49414155af00ef3e54dfa9f6355a8bcb06d6206d2e91b002d100b94214178e9
Brute OTC,0x9244a6962d8f2eefdcfec223f68d83df293d9797,2026-02-18 19:17:11,2026-02-18,receive,TRUE,FALSE,ethereum,USDT,Tether USD,8701.0,0.99964,8697.87,0xf63c27490378fb7538d415f4d701fc94f6821f56,,0x55fe0c0ef88b293e465867b70ef3b43a988607866942288bd8866232ec6c6033
Brute OTC,0x9244a6962d8f2eefdcfec223f68d83df293d9797,2026-02-15 14:48:47,2026-02-15,receive,TRUE,FALSE,ethereum,USDT,Tether USD,83530.0,1.000227,83548.99,0x0a239b8db282b38137f61c89b0ab89aa126367c1,,0x7badbd8084f819bfa74584b2f80e2265171181b7893a144cc7bef2f23a99b5ea
Brute OTC,0x9244a6962d8f2eefdcfec223f68d83df293d9797,2026-02-10 16:35:59,2026-02-10,receive,TRUE,FALSE,ethereum,USDT,Tether USD,75000.0,0.998532,74889.88,0x084168cfc2ee490d31ed21eac0bb386ce8ef4ffe,,0x31230fcf9f57f67accd29e877a0daa5650fcdc24f52a36ce41ebbf19061cc1d1
Brute OTC,0x9244a6962d8f2eefdcfec223f68d83df293d9797,2026-02-10 05:16:59,2026-02-10,receive,TRUE,FALSE,ethereum,USDT,Tether USD,20000.0,0.999169,19983.39,0x248bb534b6ea5d64b5d2a0c12230301dbaf0d2ed,,0x083c1a9b9a598b657e774e7814b2be99261f2fa539481ab8bba0e3e8147406c9
Brute OTC,0x9244a6962d8f2eefdcfec223f68d83df293d9797,2026-02-09 22:48:35,2026-02-09,receive,TRUE,FALSE,ethereum,USDT,Tether USD,34340.0,1.000055,34341.87,0x10467f93a6649d9d8edb3c3dce28df2db01cc085,,0x385401c39d60c07891a69b3fbfecb835fe76c5cfd2665173aed38b863b141f14
Brute OTC,0x9244a6962d8f2eefdcfec223f68d83df293d9797,2026-02-02 19:30:23,2026-02-02,receive,TRUE,FALSE,ethereum,USDT,Tether USD,18963.75,1.000262,18968.72,0x0b33330843247eb4f51e34e053d31ea5b38cdedd,,0x2c1879de9226b14b394d499ea5c3421078e43e7cc8c3245dcb12bcf20f25948b
Brute OTC,0x9244a6962d8f2eefdcfec223f68d83df293d9797,2026-02-02 05:53:35,2026-02-02,trade,FALSE,FALSE,ethereum,USDT,Tether USD,223.760799,0.99951,223.65,0xa8c1c98aaf99a5dfc907d61b892b2ad624901185,,0xd716b01a066ece13e578a516babecb1b0d47fff84ea433bb70c4d0e5d55048e3
Brute OTC,0x9244a6962d8f2eefdcfec223f68d83df293d9797,2026-01-30 17:51:11,2026-01-30,receive,TRUE,FALSE,ethereum,USDT,Tether USD,35000.0,0.998883,34960.91,0x9642b23ed1e01df1092b92641051881a322f5d4e,,0xf9e65761f32cdf7deedbddb75bfe8f048a4230defc4ddb7a8c264ee6f4744916
Brute OTC,0x9244a6962d8f2eefdcfec223f68d83df293d9797,2026-01-29 17:34:35,2026-01-29,receive,TRUE,FALSE,ethereum,USDT,Tether USD,1000.0,0.999977,999.98,0xff0b4cdec41787756fcda9d080de55ee31d74a05,,0x8f7bc734d62b7966dd04dc25749272c5fcc92eba9541ecd46a96d3a4b7154860
Brute OTC,0x9244a6962d8f2eefdcfec223f68d83df293d9797,2026-01-29 17:25:35,2026-01-29,receive,TRUE,FALSE,ethereum,USDT,Tether USD,75580.0,0.995607,75248.01,0xff0b4cdec41787756fcda9d080de55ee31d74a05,,0x6909603306a31c973b06f1f98143d45b37d7970c8e78106d7abe00853181b91c
Brute OTC,0x9244a6962d8f2eefdcfec223f68d83df293d9797,2026-01-29 17:22:59,2026-01-29,receive,TRUE,FALSE,ethereum,USDT,Tether USD,10000.0,0.998957,9989.57,0xff0b4cdec41787756fcda9d080de55ee31d74a05,,0xc827160fc6d17655df9c2cb6a1f014a3e8cc188d164a91860f1a01195c5ff8c1
Brute OTC,0x9244a6962d8f2eefdcfec223f68d83df293d9797,2026-01-29 17:18:47,2026-01-29,receive,TRUE,FALSE,ethereum,USDT,Tether USD,100.0,0.999465,99.95,0xff0b4cdec41787756fcda9d080de55ee31d74a05,,0xffba6e93bf8aa119a3e0f0e5410a84ac718767913260285aa5a53812020cb324
Brute OTC,0x9244a6962d8f2eefdcfec223f68d83df293d9797,2026-01-28 20:55:47,2026-01-28,trade,FALSE,FALSE,ethereum,USDC,USDC,3008.66269,0.999975,3008.59,0x111111125421ca6dc452d289314280a0f8842a65,,0x23e6d3671947acf10ac446d400262a0b03010b1e59c2f3c00987731f87353352
Brute OTC,0x9244a6962d8f2eefdcfec223f68d83df293d9797,2026-01-22 20:48:35,2026-01-22,receive,TRUE,FALSE,ethereum,USDT,Tether USD,23080.66,0.999242,23063.17,0x248bb534b6ea5d64b5d2a0c12230301dbaf0d2ed,,0x741415e7abd90705559153a8019bbefb9c11979a8c51ca07996a8cc274715e40
Brute OTC,0x9244a6962d8f2eefdcfec223f68d83df293d9797,2026-01-21 08:11:59,2026-01-21,receive,TRUE,FALSE,ethereum,USDC,USDC,8730.0,0.99996,8729.65,0xd14d2c77d7c4821a6ead9b58f096608b82108962,,0xb3e4c5913a563e6f29b5045e3ea53fbc0ad65b0d219580fa123f4eedd27730bb
Brute OTC,0x9244a6962d8f2eefdcfec223f68d83df293d9797,2026-01-21 03:34:47,2026-01-21,receive,TRUE,FALSE,ethereum,USDT,Tether USD,38800.0,0.998591,38745.33,0x1ffadc0537e522ea0e361ed0bcc8c303079ae8c9,,0xc360f3492c5cfa17e4a9e071cef8ec42b58576a81c6327f197f0611c55871578
Brute OTC,0x9244a6962d8f2eefdcfec223f68d83df293d9797,2026-01-20 06:42:47,2026-01-20,receive,TRUE,FALSE,ethereum,USDT,Tether USD,5790.0,0.997188,5773.72,0x63dfe4e34a3bfc00eb0220786238a7c6cef8ffc4,,0xdbd51be13adbd0188deea71e94ef9cfb8f649db0c244d010a68cfba36a8d3d62
Brute OTC,0x9244a6962d8f2eefdcfec223f68d83df293d9797,2026-01-17 21:23:35,2026-01-17,receive,TRUE,FALSE,ethereum,USDC,USDC,9650.0,1.008296,9730.05,0x9702aa1329595723223e7ad8e651c0f08bc55f9b,,0xad20f76e62ae21b820d0fab8676bbc7bf6e46b6ec7fd862d70720ea2d6035939
Brute OTC,0x9244a6962d8f2eefdcfec223f68d83df293d9797,2026-01-04 19:18:47,2026-01-04,receive,TRUE,FALSE,ethereum,USDC,USDC,28085.0,1.000007,28085.2,0x260b364fe0d3d37e6fd3cda0fa50926a06c54cea,,0x6ba223c7fb74620075329b0c18a2e8afff4b15ef279cc705cc1f117ffb127d7a
Brute OTC,0x9244a6962d8f2eefdcfec223f68d83df293d9797,2026-01-02 17:51:23,2026-01-02,receive,TRUE,FALSE,ethereum,ETH,Ethereum,0.029981,3125.56,93.71,0x9642b23ed1e01df1092b92641051881a322f5d4e,,0x4933cfaed430ecb0cb0713559df59c70b1cc800e300460d10705fa27e88ae002
SP4-1,0x13c5738200a7ca56c29e5744a3e93f52abd77d7b,2026-08-14 13:06:47,2026-08-14,receive,TRUE,FALSE,ethereum,USDC,USDC,120.0,0.99901,119.88,0x3eb9427f906832b4f5554875573e28c1d2c36cb6,,0xf6ae2aaaedf762132251ccb10f46853b18d867dea03b53a43ac653c89b2925a8
SP4-1,0x13c5738200a7ca56c29e5744a3e93f52abd77d7b,2026-07-23 13:33:11,2026-07-23,receive,TRUE,FALSE,ethereum,USDC,USDC,120.0,1.000614,120.07,0xd3e46b188bd786f7f0bd022f7a0a516bbdda97bb,,0x71ac45d5bc459680beb06bb73624ff2205b23fe656a4c4061672f7c39cd24881
SP4-1,0x13c5738200a7ca56c29e5744a3e93f52abd77d7b,2026-07-22 14:41:23,2026-07-22,receive,TRUE,FALSE,ethereum,USDC,USDC,120.0,0.997126,119.66,0x7bb47b290feee8a511fe360cc9ef2747eb7b9eb3,,0x1620d1581ab515042a36864552b19fe46ef56e77b86020074470280a418e0802
SP4-1,0x13c5738200a7ca56c29e5744a3e93f52abd77d7b,2026-07-20 15:21:59,2026-07-20,receive,TRUE,FALSE,ethereum,USDC,USDC,120.0,0.999546,119.95,0x448ef23df2ec3a9372a969ff46499dbf81895776,,0xa76e11b5ebc7020b6657584e0dfa4a9757d32c16d20cfcd57bfbd58910875195
SP4-1,0x13c5738200a7ca56c29e5744a3e93f52abd77d7b,2026-07-17 20:57:47,2026-07-17,receive,TRUE,FALSE,ethereum,USDC,USDC,120.0,0.999823,119.98,0x314393448792272d0b70a9bc687eb8b6161b50df,,0x0953c5df1f87b915929493d3437c87bcd81d4637bb0b4a840e8260fd8e784659
SP4-1,0x13c5738200a7ca56c29e5744a3e93f52abd77d7b,2026-07-09 16:27:11,2026-07-09,receive,TRUE,FALSE,ethereum,USDC,USDC,120.0,0.999682,119.96,0xb4b1cf0b07841aed7b5f351c2131852d8cef2483,,0xfbe0f48848a1361374dc9800142ed24efc6185f1601a152a9763a9518a59cbec
SP4-1,0x13c5738200a7ca56c29e5744a3e93f52abd77d7b,2026-07-08 18:40:11,2026-07-08,receive,TRUE,FALSE,ethereum,USDC,USDC,120.0,0.999779,119.97,0x0662e9ae788834c4fe0dbfcdae579a61d6546539,,0x05af7f136b1796c9b805550bd61ff488f983ac43db79da73e86fcbce41935274
SP4-1,0x13c5738200a7ca56c29e5744a3e93f52abd77d7b,2026-07-07 01:09:23,2026-07-07,receive,TRUE,FALSE,ethereum,USDT,Tether USD,24312.5,0.999591,24302.56,0x0b33330843247eb4f51e34e053d31ea5b38cdedd,,0x4bcb58a64a35c65fd1d2216b13cb5202d58a4af2a0d3ff905b2e274a34992a94
SP4-1,0x13c5738200a7ca56c29e5744a3e93f52abd77d7b,2026-07-03 07:49:11,2026-07-03,receive,TRUE,FALSE,ethereum,USDT,Tether USD,48625.0,0.998751,48564.29,0x0b33330843247eb4f51e34e053d31ea5b38cdedd,,0x40a14d971cab10856ac6f039ef56f6fcf8ca2ec46ba5f574a49491c28de5d7da
SP4-1,0x13c5738200a7ca56c29e5744a3e93f52abd77d7b,2026-07-02 20:31:47,2026-07-02,receive,TRUE,FALSE,ethereum,USDC,USDC,120.0,0.999736,119.97,0x0613460fe1bedbc7e787a650a6c2e7eac9da45ec,,0xdcd87d9a4d735b6d30dc482efa33ddac6be3cd3b2a759c511dc1fbff6efaa6f3
SP4-1,0x13c5738200a7ca56c29e5744a3e93f52abd77d7b,2026-07-02 18:55:11,2026-07-02,receive,TRUE,FALSE,ethereum,USDC,USDC,120.0,0.999764,119.97,0xfb80006e05fa9859b37891429d010ef88cf5d86a,,0xaac0b698bcb4dff7fda21f6d3c9985e4edd552f724669c8e11636f398f4008db
SP4-2,0x31a5817bab67bfeeb0038df2c2e1ede79a00930a,2026-08-19 20:00:35,2026-08-19,trade,FALSE,FALSE,ethereum,PYUSD,PayPal USD,141.722776,1.000534,141.8,0xa8c1c98aaf99a5dfc907d61b892b2ad624901185,,0xf51f2260a0ef0951e69add3edcd25d1023d2b2562387e910c2221fb34d4f8b20
SP4-2,0x31a5817bab67bfeeb0038df2c2e1ede79a00930a,2026-08-19 19:59:11,2026-08-19,trade,FALSE,FALSE,ethereum,PYUSD,PayPal USD,11165.162521,1.000534,11171.13,0x9b1303ebf09bc51b7fac376c9e421e8daae63b82,,0xe9785e947aad4b6cc7dce3fe2edfdf6a3edcf714eaf7d58cd9e17aa214266881
SP4-2,0x31a5817bab67bfeeb0038df2c2e1ede79a00930a,2026-08-19 14:22:11,2026-08-19,receive,TRUE,FALSE,ethereum,USDT,Tether USD,3980.0,0.999247,3977.0,0xaecd0b94f8d67b9af8fb9fd2addeb63f433406e6,,0xed62254c6565682ad6c68266914656a0263d1bdaed33f73cfc84b69d02678628
SP4-2,0x31a5817bab67bfeeb0038df2c2e1ede79a00930a,2026-08-12 17:38:59,2026-08-12,trade,FALSE,FALSE,ethereum,PYUSD,PayPal USD,9308.743991,0.999533,9304.4,0x00000000008d5f1200332af8a6813cb8377b5bfd,,0x21e687d1238e71185e648e56ede8ff844d7475b815d051236b739f1fe8f42c5a
SP4-2,0x31a5817bab67bfeeb0038df2c2e1ede79a00930a,2026-08-02 15:55:35,2026-08-02,receive,TRUE,FALSE,ethereum,USDT,Tether USD,5801.0,0.998952,5794.92,0xaecd0b94f8d67b9af8fb9fd2addeb63f433406e6,,0xdf5dbba621af9cc1226c2c5632403667a9ba50b3a958a4fc0be3ae07714a31ff
SP4-2,0x31a5817bab67bfeeb0038df2c2e1ede79a00930a,2026-07-17 14:18:23,2026-07-17,receive,TRUE,FALSE,ethereum,USDT,Tether USD,9701.34,0.999108,9692.69,0xaecd0b94f8d67b9af8fb9fd2addeb63f433406e6,,0x004e9eee73f58c0d0ce4a0c322e299fb4b592d7b84ba2d4992a338ef63f67965
SP4-2,0x31a5817bab67bfeeb0038df2c2e1ede79a00930a,2026-07-08 14:09:11,2026-07-08,receive,TRUE,FALSE,ethereum,USDT,Tether USD,4850.0,0.999057,4845.43,0xaecd0b94f8d67b9af8fb9fd2addeb63f433406e6,,0x65d17710b3dec01a2261495231b5d2e6dee8c138c416d9fb1185b441339a4128
SP4-2,0x31a5817bab67bfeeb0038df2c2e1ede79a00930a,2026-07-03 02:06:47,2026-07-03,receive,TRUE,FALSE,ethereum,USDT,Tether USD,4850.0,0.997897,4839.8,0xaecd0b94f8d67b9af8fb9fd2addeb63f433406e6,,0x03cc40befaaf8c4605fe4d6e0a4720563089ff5a3710c62d59d1aac6414162bd
SP4-3,0x691bdfb0c5a8dee9f75de8bc983bde51316eb489,2026-07-02 19:34:11,2026-07-02,receive,TRUE,TRUE,ethereum,USDC,USDC,1500.0,1.000214,1500.32,0x9244a6962d8f2eefdcfec223f68d83df293d9797,Brute OTC,0x9a76f4825ad7698b84d730a6531845f824e36ddddacdda3d279f39194075c239
SP4-4,0x0828c3d976b837e790715913cc85dbd6237398fb,2026-07-08 20:39:35,2026-07-08,receive,TRUE,FALSE,ethereum,USDT,Tether USD,4000.0,0.999304,3997.22,0xe161e68b13fa26df9570afb6d785df5270ecb8c4,,0x34ca1a70a8b53e06f5b70f03f16c8a2b2ee1d69938728319fe5dd9cbaf6f0f9d
SP4-5,0x79b65b17af2ec4087d0957bcfae172c3c6210312,2026-07-08 01:27:35,2026-07-08,receive,TRUE,FALSE,ethereum,USDC,USDC,72905.832467,0.999739,72886.77,0x37ecb40eba8811f080247e18b81336ee2e2e791d,,0xb0ce8fcd9dce07a89fc84027429f6e791d2a266711879ccf5612a661dbe51a3e
SP4-6,0x82012f9fdddaaf6a8af4ef2b83b1c6ce65debcf1,2026-08-13 03:47:23,2026-08-13,receive,TRUE,FALSE,ethereum,USDC,USDC,14511.0,0.999495,14503.66,0x11597afef0a96e6e948d739fe74ff84e6043d7a4,,0xf37332d3d9c684a75f559fc464f331a1787d8d81d4c79e134d7d382bdecec3d0
SP4-6,0x82012f9fdddaaf6a8af4ef2b83b1c6ce65debcf1,2026-08-12 15:21:23,2026-08-12,receive,TRUE,FALSE,ethereum,USDT,Tether USD,16000.0,0.999255,15988.07,0x9b06307970396965c9b66a7bece6df752b03333a,,0x3cfbbd5d4ab2027d3838e7559d797bfeeec17b978e50160229445f0d69a3a310
SP4-6,0x82012f9fdddaaf6a8af4ef2b83b1c6ce65debcf1,2026-07-24 19:15:59,2026-07-24,receive,TRUE,FALSE,ethereum,USDT,Tether USD,29273.418735,0.999141,29248.28,0x940bb47491ab320866d3f38288ba3d939f06f513,,0xa35bf5ce406b9f91498dee20a5acd353f3c34c57e90bb8c1c337b5bb64fdbf68
SP4-6,0x82012f9fdddaaf6a8af4ef2b83b1c6ce65debcf1,2026-07-23 18:34:59,2026-07-23,receive,TRUE,FALSE,ethereum,USDT,Tether USD,54315.195961,0.999337,54279.2,0x940bb47491ab320866d3f38288ba3d939f06f513,,0x2c65e039132ac3a81c6d02e52cc84e664ba4712ce326006670096b79563c52a4
SP4-6,0x82012f9fdddaaf6a8af4ef2b83b1c6ce65debcf1,2026-07-21 19:02:23,2026-07-21,receive,TRUE,FALSE,ethereum,USDT,Tether USD,29270.340838,0.999348,29251.25,0x940bb47491ab320866d3f38288ba3d939f06f513,,0xd35680e3546a4bf6fa12f274f419f6265e05c91d4d7420ce1e13eaf56f933eda
SP4-7,0xc4a749d6983bfc2bb958cb32ef9ff9dc18ba81cf,2026-07-23 16:42:47,2026-07-23,receive,TRUE,FALSE,ethereum,USDC,USDC,11640.0,1.000061,11640.71,0xcecf534b3b0206d650f9b4a9b865a9889806301e,,0xbed62d6689820fed27cb58e117026da6b7f9ff1ea34140faac201e395f459332
SP4-8,0xc09da08738b3b0918089163e488b02a61f382404,2026-07-24 12:40:11,2026-07-24,receive,TRUE,FALSE,ethereum,USDT,Tether USD,48250.0,0.998198,48163.05,0x5e67dbf6d2d1af434eed4c20cf7eca2591d4d4a6,,0x954f0d1b09d70aba78548db6b79e10185ec0d5c29222fbe87e197f5ab3eb426f
SP4-8,0xc09da08738b3b0918089163e488b02a61f382404,2026-07-23 16:25:23,2026-07-23,receive,TRUE,FALSE,ethereum,USDT,Tether USD,49803.52,0.999119,49759.64,0x5e67dbf6d2d1af434eed4c20cf7eca2591d4d4a6,,0x06954d18c245804701308c2073c9893b827297e288cfefd6f1bd63249b874602
